time,performance_context,performance_type,instruments,notes,flux,number_performers,entropy,trace,length_seconds,determinant,norm,filename
2013-04-20 14:58:52.253862,rehearsal,improvisation,iPad,"ensemble metatone listening space creative music making session - no yvonne (in the first recording, log didn’t work)",0.14876033057851265,3,3.4975152236191205,0.8512396694214875,847.455218,3.74095047936632e-12,0.39251202265474533,2013-04-20T14-55-00-MetatoneOSCLog
2013-04-21 11:47:12.012029,rehearsal,improvisation,iPad,ensemble metatone listening space creative music making session - no jonathan,0.15758293838862558,3,3.66820898085456,0.8424170616113744,844.094567,8.556480951553193e-12,0.3654491480630514,2013-04-21T11-38-00-MetatoneOSCLog
2013-04-27 17:46:19.247639,rehearsal,improvisation,iPad,ensemble metatone listening space creative music making session - quartet iPads only,0.14333652924256957,4,3.585251542059582,0.8566634707574304,1042.950188,1.4342795064441283e-11,0.3783915203178768,2013-04-27T17-29-00-MetatoneOSCLog
2013-05-04 13:21:47.643029,rehearsal,improvisation,percussion,ensemble metatone listening space creative music making session - set 1 with instruments,0.0982236154649947,4,2.8034189290762974,0.9017763845350053,956.451964,1.7768939515610046e-13,0.5358255409441788,2013-05-04T12-12-00-MetatoneOSCLog
2013-05-04 14:24:20.557930,rehearsal,improvisation,percussion,ensemble metatone listening space creative music making session - set 2 with instruments,0.0912921348314605,4,3.069922821805445,0.9087078651685394,890.308022,5.721627682290386e-12,0.4651376665649295,2013-05-04T14-23-00-MetatoneOSCLog
2013-07-01 17:21:05.923165,data_collection,composition,iPad,original CPM gesture collecting session,0.09406952965235171,1,3.5060111709022905,0.9059304703476483,488.145934,9.276059567707875e-11,0.34274785121305723,2013-07-01T17-20-46-MetatoneOSCLog
2013-08-03 17:11:01.880154,rehearsal,improvisation,iPad,research-concert rehearsal - metalonsdale (ipads only),0.13674242424242425,4,3.351538404446778,0.8632575757575757,659.895143,3.1452933231105694e-12,0.44339317674354944,2013-08-03T17-10-17-MetatoneOSCLog
2013-08-03 17:25:33.070618,rehearsal,improvisation,percussion,research-concert rehearsal - metatravels (ipads and percussion),0.06043729372937268,4,1.9525398511724752,0.9395627062706272,1212.786361,5.276319105655203e-16,0.6841482713908666,2013-08-03T17-25-19-MetatoneOSCLog
2013-08-03 18:38:11.525770,performance,improvisation,iPad,research-concert performance - metalonsdale (ipads only),0.13975155279503104,4,3.2588049470192177,0.860248447204969,644.371422,3.1358095599946754e-12,0.47126401855253564,2013-08-03T18-37-03-MetatoneOSCLog
2013-08-03 18:52:58.895308,performance,improvisation,percussion,research-concert performance - metatravels (ipads and percussion),0.10450819672131141,4,2.6110126214292624,0.8954918032786885,609.565058,2.3294171997960613e-15,0.5646306581887154,2013-08-03T18-49-35-MetatoneOSCLog
2014-03-08 11:49:43.577878,rehearsal,composition,iPad,"Metatone - Singing Bowls, study in bowls rehearsal (jonathan, christina, charles)",0.08964143426294835,3,3.35074843585948,0.9103585657370517,1003.630193,1.4196246913731412e-12,0.3739771264779602,2014-03-08T11-49-15-MetatoneOSCLog
2014-03-08 12:15:26.338137,rehearsal,composition,iPad,"Metatone - Singing Bowls, study in bowls rehearsal (jonathan, christina, charles)",0.1132075471698113,3,2.536658961180459,0.8867924528301887,212.644995,0.0,0.49922312178756395,2014-03-08T12-14-57-MetatoneOSCLog
2014-03-08 12:21:42.962257,rehearsal,composition,iPad,"Metatone - Singing Bowls - study in bowls (jonathan, christina, charles)",0.11475409836065566,3,3.3954521079451907,0.8852459016393442,609.341956,6.889259243795641e-16,0.3791672511618961,2014-03-08T12-21-29-MetatoneOSCLog
2014-03-13 15:28:35.816670,rehearsal,improvisation,percussion,"Metatone Duo (JG+CPM) rehearsal - charles on vibes, jg on drums, both had metalhondale",0.09009393680614843,2,2.7132562585237046,0.9099060631938514,1170.750065,1.2445920732762603e-13,0.5335835831628805,2014-03-13T15-28-14-MetatoneOSCLog
2014-03-13 16:11:35.430258,rehearsal,improvisation,percussion,"Metatone Duo (JG+CPM) rehearsal - charles vibes, jg drums, both birdsnest",0.10363924050632892,2,2.726878075310033,0.8963607594936709,1264.122033,2.969448623914808e-13,0.5660445081393162,2014-03-13T16-11-33-MetatoneOSCLog
2014-03-15 12:34:09.717704,rehearsal,composition,iPad,YAH Rehearsal - study in bowls,0.1164089347079037,6,3.663500264149051,0.8835910652920963,775.776586,5.175670936606719e-12,0.33199048872607,2014-03-15T12-33-18-MetatoneOSCLog
2014-03-15 12:55:30.111237,rehearsal,composition,iPad,YAH Rehearsal - study in bowls 2,0.11727946519401256,7,3.488322366631341,0.8827205348059874,983.66342,5.138699950120952e-12,0.36992526593080116,2014-03-15T12-55-15-MetatoneOSCLog
2014-03-15 13:19:37.033622,rehearsal,improvisation,iPad,YAH Rehearsal - snow music and birds nest improv (check this one),0.07534659433393609,9,2.0575361472261564,0.9246534056660639,1106.702579,5.166055204260214e-15,0.7083936617385048,2014-03-15T13-19-15-MetatoneOSCLog
2014-03-17 17:40:46.074877,rehearsal,composition,iPad,YAH Performance - study in bowls rehearsal,0.13671274961597546,7,3.5695074279090715,0.8632872503840245,744.342041,0.0,0.3601877247517307,2014-03-17T17-40-14-MetatoneOSCLog
2014-03-17 18:10:25.991151,performance,composition,iPad,YAH Performance - study in bowls performance,0.16410861865407322,7,3.5027026323989943,0.8358913813459268,846.841094,4.4806217552330404e-14,0.3673980063566893,2014-03-17T18-09-46-MetatoneOSCLog
2014-03-17 18:31:15.956048,performance,improvisation,percussion,YAH Performance - metatone set,0.05294556301267726,4,1.9282559919278341,0.947054436987323,1340.190793,3.4523411678035203e-15,0.69612813824738,2014-03-17T18-30-57-MetatoneOSCLog
2014-04-27 16:43:31.555778,demonstration,improvisation,iPad,CHI 2014 interactivity sessions.,0.08051948051948014,2,1.9165860328076285,0.9194805194805195,384.921327,7.809565602606816e-20,0.733539788067439,2014-04-27T16-43-27-MetatoneOSCLog
2014-04-28 15:51:50.681420,demonstration,fail,iPad,CHI 2014 interactivity sessions.,0.375,2,3.199082295352822,0.625,11.985146,0.0,0.39086797998528583,2014-04-28T15-51-49-MetatoneOSCLog
2014-04-28 15:53:48.822274,demonstration,improvisation,iPad,CHI 2014 interactivity sessions.,0.055309734513274374,4,1.1287418535269576,0.9446902654867255,112.785334,0.0,0.8314640846613643,2014-04-28T15-53-48-MetatoneOSCLog
2014-04-28 15:55:51.729005,demonstration,improvisation,iPad,CHI 2014 interactivity sessions.,0.0869113573407204,4,2.0721914551865686,0.9130886426592798,721.312826,4.966340612234465e-16,0.689572672240032,2014-04-28T15-55-49-MetatoneOSCLog
2014-04-28 16:10:57.426382,demonstration,fail,iPad,CHI 2014 interactivity sessions.,0.037878787878787845,3,0.43285597100420425,0.9621212121212122,44.296824,0.0,0.9472423849810034,2014-04-28T16-10-52-MetatoneOSCLog
2014-04-28 16:12:29.371492,demonstration,improvisation,iPad,CHI 2014 interactivity sessions.,0.0829113924050634,4,1.7860681333544661,0.9170886075949366,394.918177,0.0,0.746019184913453,2014-04-28T16-12-25-MetatoneOSCLog
2014-04-28 16:19:37.888816,demonstration,improvisation,iPad,CHI 2014 interactivity sessions.,0.11271186440677962,4,1.9727037410368116,0.8872881355932203,294.148487,0.0,0.7458676736613823,2014-04-28T16-19-33-MetatoneOSCLog
2014-04-28 16:24:51.060393,demonstration,improvisation,iPad,CHI 2014 interactivity sessions.,0.07474747474747458,4,1.498469425549111,0.9252525252525252,495.494885,0.0,0.7969213668437745,2014-04-28T16-24-38-MetatoneOSCLog
2014-04-28 16:33:13.538548,demonstration,improvisation,iPad,CHI 2014 interactivity sessions.,0.07604166666666656,4,1.467038351244112,0.9239583333333334,239.939247,0.0,0.7983802504480905,2014-04-28T16-33-13-MetatoneOSCLog-autosplit
2014-04-28 16:43:08.745580,demonstration,improvisation,iPad,CHI 2014 interactivity sessions.,0.1535714285714287,2,2.9066015562156693,0.8464285714285713,280.024653,0.0,0.5333220396338254,2014-04-28T16-43-08-MetatoneOSCLog-autosplit
2014-04-28 17:01:45.337242,demonstration,improvisation,iPad,CHI 2014 interactivity sessions.,0.13326446280991724,4,2.6021188361076297,0.8667355371900827,242.497405,2.4845130488516517e-18,0.6196625105152406,2014-04-28T17-01-45-MetatoneOSCLog-autosplit
2014-04-28 17:17:36.485892,demonstration,improvisation,iPad,CHI 2014 interactivity sessions.,0.059302325581395365,4,1.1688574718423417,0.9406976744186046,214.534442,0.0,0.8559908816101229,2014-04-28T17-17-36-MetatoneOSCLog-autosplit
2014-04-28 17:26:22.653950,demonstration,improvisation,iPad,CHI 2014 interactivity sessions.,0.04806201550387569,3,1.2890872919105978,0.951937984496124,215.143819,-4.1151103098155834e-19,0.8373514091281199,2014-04-28T17-26-22-MetatoneOSCLog-autosplit
2014-04-28 17:32:15.063122,demonstration,improvisation,iPad,CHI 2014 interactivity sessions.,0.0753076292042657,5,1.6828660411953664,0.9246923707957343,1219.633336,5.2368416832733186e-17,0.7773784881549375,2014-04-28T17-30-16-MetatoneOSCLog
2014-04-28 18:01:21.370280,demonstration,improvisation,iPad,CHI 2014 interactivity sessions.,0.13076923076923067,4,2.7374450473484764,0.8692307692307693,1560.205627,2.0982928585583557e-14,0.5744937277535235,2014-04-28T18-00-49-MetatoneOSCLog
2014-04-28 18:27:25.527146,demonstration,improvisation,iPad,CHI 2014 interactivity sessions.,0.10366886171213499,5,2.187317412661242,0.8963311382878647,1062.926421,1.1221006187243807e-16,0.6795400025427578,2014-04-28T18-27-25-MetatoneOSCLog
2014-04-28 18:45:15.011494,demonstration,improvisation,iPad,CHI 2014 interactivity sessions.,0.10319410319410306,4,2.2699473637102106,0.8968058968058968,407.872543,4.5375480114658875e-15,0.68325710880291,2014-04-28T18-45-15-MetatoneOSCLog
2014-04-28 18:52:07.020441,demonstration,improvisation,iPad,CHI 2014 interactivity sessions.,0.1392045454545456,4,2.7368414002263446,0.8607954545454546,264.953374,2.1385886747409934e-14,0.6004609326272362,2014-04-28T18-52-07-MetatoneOSCLog
2014-04-28 18:56:35.998714,demonstration,improvisation,iPad,CHI 2014 interactivity sessions.,0.16604477611940294,4,3.1225909549650335,0.8339552238805971,133.311205,-2.8856890163485316e-17,0.49098012549047537,2014-04-28T18-56-35-MetatoneOSCLog
2014-04-28 18:58:53.799657,demonstration,improvisation,iPad,CHI 2014 interactivity sessions.,0.0746575342465754,4,1.656984613087899,0.9253424657534246,364.461235,-4.785930818882199e-18,0.7737070704650412,2014-04-28T18-58-53-MetatoneOSCLog
2014-04-28 19:05:59.101803,demonstration,improvisation,iPad,CHI 2014 interactivity sessions.,0.11772486772486779,4,2.37461283790315,0.8822751322751322,189.163548,1.0357101723656566e-15,0.6386820899440825,2014-04-28T19-05-15-MetatoneOSCLog
2014-04-28 19:09:58.130290,demonstration,improvisation,iPad,CHI 2014 interactivity sessions.,0.08131487889273359,2,1.9742513062678646,0.9186851211072664,289.369243,0.0,0.6942999481166379,2014-04-28T19-09-52-MetatoneOSCLog
2014-04-28 19:18:42.386768,demonstration,improvisation,iPad,CHI 2014 interactivity sessions.,0.09935258964143431,4,2.168238118063874,0.9006474103585659,1003.833114,8.778606442331811e-17,0.6838371167542443,2014-04-28T19-18-42-MetatoneOSCLog
2014-04-28 19:35:29.963207,demonstration,improvisation,iPad,CHI 2014 interactivity sessions.,0.09389671361502319,4,2.0695239644244956,0.9061032863849766,212.497279,0.0,0.7114941767149648,2014-04-28T19-35-29-MetatoneOSCLog
2014-04-29 10:46:48.745465,demonstration,improvisation,iPad,CHI 2014 interactivity sessions.,0.06733724504051408,3,1.7185720047122073,0.9326627549594859,1192.934166,5.9951197397194605e-22,0.7063091191276232,2014-04-29T10-46-36-MetatoneOSCLog
2014-04-29 15:19:05.612958,demonstration,improvisation,iPad,CHI 2014 interactivity sessions.,0.059401309635173094,4,1.5402060172309244,0.9405986903648269,1069.015559,1.8610559945783142e-19,0.7563838029875974,2014-04-29T15-19-05-MetatoneOSCLog-autosplit
2014-04-29 15:40:16.134918,demonstration,improvisation,iPad,CHI 2014 interactivity sessions.,0.07846153846153836,4,1.847037179978283,0.9215384615384616,650.051514,2.1029891958081796e-17,0.7297348955281494,2014-04-29T15-40-16-MetatoneOSCLog-autosplit
2014-04-29 15:51:11.507481,demonstration,improvisation,iPad,CHI 2014 interactivity sessions.,0.08239795918367364,4,2.013440149595195,0.9176020408163266,980.2538,7.232349728511161e-16,0.702661333654114,2014-04-29T15-51-11-MetatoneOSCLog-autosplit
2014-04-29 16:13:36.117433,demonstration,improvisation,iPad,CHI 2014 interactivity sessions.,0.06499780412823906,6,1.6130939466392582,0.9350021958717611,759.15302,3.693138262642226e-17,0.7917672320738469,2014-04-29T16-13-36-MetatoneOSCLog-autosplit
2014-05-05 20:05:21.683728,rehearsal,composition,iPad,Outpost 186 Boston - study in bowls rehearsal,0.21993769470405006,3,3.8225664692767554,0.7800623052959501,534.619541,2.044165287891551e-16,0.3276743264037628,2014-05-05T20-02-01-MetatoneOSCLog
2014-05-05 20:26:47.513622,rehearsal,improvisation,percussion,"Outpost 186 Boston - metalonsdale, birdsnest experimentation session",0.16899224806201552,3,2.903037213934273,0.8310077519379845,214.818499,0.0,0.4898954952827178,2014-05-05T20-26-38-MetatoneOSCLog
2014-05-05 20:42:54.146521,performance,composition,iPad,Outpost 186 Boston study in bowls,0.2583139984532097,3,3.6298395369185137,0.7416860015467903,430.95197,0.0,0.3478464767613201,2014-05-05T20-39-43-MetatoneOSCLog
2014-05-05 21:06:10.346007,performance,improvisation,iPad,Outpost 186 Boston metalonsdale iPads alone,0.16713881019830024,3,3.5636306790341963,0.8328611898016998,353.012787,1.2188642131359356e-12,0.400666019454756,2014-05-05T21-05-37-MetatoneOSCLog
2014-05-05 21:13:50.836545,performance,improvisation,percussion,Outpost 186 Boston BirdsNest with percussion,0.10370370370370355,3,2.4503215594921977,0.8962962962962963,809.592437,7.893608571765884e-15,0.6195084745627287,2014-05-05T21-12-48-MetatoneOSCLog
2014-05-05 21:34:11.403789,demonstration,improvisation,iPad,Outpost 186 Boston show and tell,0.2621870882740449,3,4.148082827408946,0.7378129117259551,505.776848,1.8736549402688157e-12,0.3135123560779673,2014-05-05T21-34-04-MetatoneOSCLog
2014-07-11 17:55:54.025469,performance,improvisation,iPad,ACMC duo,0.194620253164557,2,3.6711871031836165,0.805379746835443,316.907735,1.1901017790200676e-12,0.3835450871028472,2014-07-11T17-55-17-MetatoneOSCLog
2014-07-19 13:42:20.190750,demonstration,improvisation,iPad,2014 iPad Study Session.,0.18205394190871363,4,3.527763338897822,0.8179460580912863,481.863443,-1.7849412103501612e-16,0.39777660459799574,2014-07-19T13-42-16-MetatoneOSCLog
2014-07-19 13:58:19.311375,study,improvisation,iPad,2014 iPad Study Session.,0.2510964912280702,3,4.100409037271967,0.7489035087719298,304.681904,2.6079842235330553e-12,0.3394734008793414,2014-07-19T13-58-10-MetatoneOSCLog
2014-07-19 14:06:09.653339,study,improvisation,iPad,2014 iPad Study Session.,0.1922222222222223,3,3.4220342208738557,0.8077777777777777,299.570147,1.9971774884527568e-13,0.44629614261561823,2014-07-19T14-06-01-MetatoneOSCLog
2014-07-19 14:13:35.436289,study,improvisation,iPad,2014 iPad Study Session.,0.239956568946797,3,4.096181096356827,0.7600434310532032,306.748271,2.1641467134124983e-11,0.3222305374973225,2014-07-19T14-13-30-MetatoneOSCLog
2014-07-19 14:40:09.285000,study,improvisation,iPad,2014 iPad Study Session.,0.10041407867494812,3,2.654206442679217,0.8995859213250519,322.032841,0.0,0.5022976583243606,2014-07-19T14-39-52-MetatoneOSCLog
2014-07-19 14:47:38.703846,study,improvisation,iPad,2014 iPad Study Session.,0.23948220064724923,3,4.117056478796493,0.7605177993527508,308.911332,1.2620621667044048e-11,0.3145084247282335,2014-07-19T14-47-24-MetatoneOSCLog
2014-07-19 14:54:37.752794,study,improvisation,iPad,2014 iPad Study Session.,0.17521367521367526,3,3.741905106360184,0.8247863247863247,311.507208,4.9193603918679575e-12,0.3464702574138342,2014-07-19T14-54-08-MetatoneOSCLog
2014-07-19 15:05:10.533829,study,improvisation,iPad,2014 iPad Study Session.,0.25027322404371594,3,4.162846303386758,0.7497267759562842,305.199942,1.5900662893101724e-11,0.30715827065360235,2014-07-19T15-04-54-MetatoneOSCLog
2014-07-19 15:12:10.783353,study,improvisation,iPad,2014 iPad Study Session.,0.21412803532008845,3,4.17740539786492,0.7858719646799117,302.189425,8.666851268738951e-11,0.30421156119802784,2014-07-19T15-11-54-MetatoneOSCLog
2014-07-19 15:18:48.473461,study,improvisation,iPad,2014 iPad Study Session.,0.1428571428571428,3,3.232393314626778,0.8571428571428572,301.192359,2.811189772255895e-13,0.45580916433034707,2014-07-19T15-18-35-MetatoneOSCLog
2014-07-19 15:50:19.420698,study,improvisation,iPad,2014 iPad Study Session.,0.23411371237458184,3,3.7606023568913054,0.765886287625418,298.895639,1.4445250493180052e-12,0.40867351316176104,2014-07-19T15-50-04-MetatoneOSCLog
2014-07-19 15:57:29.513102,study,improvisation,iPad,2014 iPad Study Session.,0.16721311475409847,3,3.6579204598574386,0.8327868852459017,304.905901,9.89294391884908e-12,0.3615108260326759,2014-07-19T15-57-19-MetatoneOSCLog
2014-07-19 16:04:29.100564,study,improvisation,iPad,2014 iPad Study Session.,0.15309446254071687,3,3.5645076344783435,0.8469055374592833,307.461416,2.4160047827207465e-11,0.40853335413263375,2014-07-19T16-04-06-MetatoneOSCLog
2014-07-19 16:19:55.315323,study,improvisation,iPad,2014 iPad Study Session.,0.11221122112211224,3,2.930457566795334,0.8877887788778878,303.163343,0.0,0.4779126571012306,2014-07-19T16-19-28-MetatoneOSCLog
2014-07-19 16:26:48.191563,study,improvisation,iPad,2014 iPad Study Session.,0.2379421221864953,3,4.1553197556012975,0.7620578778135049,311.122943,1.0053806233855018e-11,0.31019080008039723,2014-07-19T16-26-31-MetatoneOSCLog
2014-07-19 16:36:11.818301,study,improvisation,iPad,2014 iPad Study Session.,0.2225877192982456,3,4.113860041020367,0.7774122807017544,303.404443,1.5002585001189395e-11,0.30071459342280904,2014-07-19T16-35-49-MetatoneOSCLog
2014-07-19 16:48:48.416779,study,improvisation,iPad,2014 iPad Study Session.,0.2376237623762376,3,4.029937195249899,0.7623762376237624,303.378785,3.11709024103277e-12,0.3384389709268113,2014-07-19T16-48-26-MetatoneOSCLog
2014-07-19 16:56:08.130468,study,improvisation,iPad,2014 iPad Study Session.,0.2019867549668875,3,3.9211807607255964,0.7980132450331127,301.878486,1.3716664966203513e-11,0.3287479002027754,2014-07-19T16-55-41-MetatoneOSCLog
2014-07-19 17:03:06.941374,study,improvisation,iPad,2014 iPad Study Session.,0.14596949891067534,3,3.179486129186966,0.8540305010893247,305.324569,5.039138868114837e-13,0.4588992482940756,2014-07-19T17-02-51-MetatoneOSCLog
2014-08-11 20:02:33.877976,rehearsal,improvisation,iPad,"metatone rehearsal for colour music - singing bowls (charles, christina, jonathan)",0.14544319600499378,3,3.487510139427485,0.8545568039950062,533.129614,4.446025474527408e-12,0.403215986642576,2014-08-11T20-01-49-MetatoneOSCLog
2014-08-11 20:30:48.929615,rehearsal,improvisation,iPad,"metatone rehearsal for colour music - singing bowls (charles, christina, jonathan)",0.15351681957186558,3,3.461885482361012,0.8464831804281344,544.468246,1.5150747175144145e-12,0.40111554085182316,2014-08-11T20-30-18-MetatoneOSCLog
2014-08-11 20:54:53.093791,rehearsal,fail,iPad,"metatone rehearsal for colour music - singing bowls (charles, christina, jonathan)",0.08739837398373974,3,2.296597727766877,0.9126016260162602,328.199318,0.0,0.6549495174296922,2014-08-11T20-54-49-MetatoneOSCLog
2014-08-14 18:41:12.603087,performance,improvisation,iPad," colour music opening - singing bowls (charles, christina, jonathan)",0.19868637110016402,3,3.7701030292686717,0.8013136288998358,406.090691,1.6946217752862145e-11,0.38634461592844344,2014-08-14T18-40-57-MetatoneOSCLog
2014-08-14 18:50:23.809251,demonstration,improvisation,iPad,colour music opening - singing bowls demonstration (portrait),0.052407068860450885,3,1.2027412510259734,0.947592931139549,546.417655,1.2068913677373213e-18,0.848927319619832,2014-08-14T18-50-23-MetatoneOSCLog-autosplit
2014-08-14 19:02:40.780914,demonstration,improvisation,iPad,colour music opening - singing bowls demonstration (portrait),0.02886597938144331,3,0.842261947203728,0.9711340206185566,484.791444,0.0,0.8901850766000481,2014-08-14T19-02-40-MetatoneOSCLog-autosplit
2014-08-14 19:14:47.714817,demonstration,improvisation,iPad,colour music opening - singing bowls demonstration (portrait),0.12639405204460974,3,2.7500147794281484,0.8736059479553903,538.105933,2.1969873914537372e-15,0.5242624283898831,2014-08-14T19-14-47-MetatoneOSCLog-autosplit
2014-08-23 16:47:50.317145,rehearsal,composition,iPad,metatone colour music rehearsal - amores with different apps,0.1534772182254198,3,2.7307414062181827,0.8465227817745804,555.752182,0.0,0.5155317576214857,2014-08-23T16-47-33-MetatoneOSCLog
2014-08-23 17:00:02.325541,rehearsal,fail,iPad,metatone colour music rehearsal,0.0714285714285714,1,1.1663428898406687,0.9285714285714286,28.527736,0.0,0.7474446263020125,2014-08-23T17-00-00-MetatoneOSCLog
2014-08-23 17:03:25.327045,rehearsal,composition,iPad,metatone colour music rehearsal - correspondences with birds nest (first go),0.11149825783972112,3,2.9793054506213363,0.8885017421602789,574.595359,-2.2919017733185867e-20,0.4586909473799294,2014-08-23T17-03-00-MetatoneOSCLog
2014-08-23 17:18:58.322993,rehearsal,fail,iPad,metatone colour music rehearsal,0.07692307692307687,1,1.386614174262459,0.9230769230769231,26.054093,0.0,0.6572310573321177,2014-08-23T17-18-00-MetatoneOSCLog
2014-08-23 17:27:25.313216,rehearsal,fail,iPad,metatone colour music rehearsal,0.3333333333333333,1,1.2516291673878228,0.6666666666666666,6.535975,0.0,0.7071067811865476,2014-08-23T17-27-00-MetatoneOSCLog
2014-08-23 17:39:30.349798,rehearsal,composition,percussion,metatone colour music rehearsal - using birds nest (Second Correspondences rehearsal),0.170542635658915,3,3.2145075766658397,0.8294573643410852,430.176441,1.2307644622253455e-14,0.43898424691590254,2014-08-23T17-38-05-MetatoneOSCLog
2014-08-23 17:50:48.789577,rehearsal,composition,iPad,metatone colour music rehearsal - using Phase Rings for Gesture Study #1,0.1428571428571427,3,3.6648423782906487,0.8571428571428571,398.562517,-2.197216250240749e-14,0.34156088776564564,2014-08-23T17-50-37-MetatoneOSCLog
2014-08-24 14:01:41.489372,rehearsal,composition,percussion,colour music concert rehearsal - correspondences,0.14494163424124507,4,3.2486549099920974,0.8550583657587549,514.364828,8.871711930835998e-18,0.43537567725807047,2014-08-24T14-01-09-MetatoneOSCLog
2014-08-24 14:36:48.750693,rehearsal,composition,iPad,colour music concert rehearsal - gesture study,0.14761904761904754,4,3.4812274809321404,0.8523809523809525,419.385884,2.5756902632918183e-12,0.39929696579541407,2014-08-24T14-36-35-MetatoneOSCLog
2014-08-24 15:05:24.532787,performance,composition,iPad,colour music concert gesture study,0.12675233644859807,4,3.540359912234286,0.8732476635514019,427.985845,5.3899427705249565e-12,0.3570602608406661,2014-08-24T15-04-15-MetatoneOSCLog
2014-08-24 15:15:22.633761,performance,improvisation,iPad,colour music concert birds nest,0.1476244343891403,4,3.4895520782060854,0.8523755656108597,441.553372,1.9650995892501538e-12,0.3854487577694261,2014-08-24T15-13-11-MetatoneOSCLog
2014-08-24 15:23:48.189557,performance,improvisation,iPad,colour music concert snow music,0.1535874439461884,4,3.6621285924173015,0.8464125560538116,446.019655,2.970418283495152e-12,0.3530135373921161,2014-08-24T15-23-02-MetatoneOSCLog
2014-08-24 15:32:56.216753,performance,improvisation,iPad,colour music concert singing bowls,0.15668662674650694,4,3.669483202756088,0.843313373253493,500.851624,7.884390990981761e-12,0.3670355578641536,2014-08-24T15-31-37-MetatoneOSCLog
2014-08-24 15:45:01.750883,performance,composition,iPad,colour music concert Cage Amores,0.1440329218106996,3,2.0288010650915127,0.8559670781893004,81.207986,0.0,0.6329560587308058,2014-08-24T15-44-55-MetatoneOSCLog
2014-08-24 15:47:43.664464,performance,composition,percussion,colour music concert correspondences,0.13249999999999995,4,3.1795745866363,0.8675,500.118212,8.410485934915395e-15,0.412619679608232,2014-08-24T15-47-42-MetatoneOSCLog
2014-08-24 15:56:07.952397,demonstration,improvisation,iPad,colour music concert - audience demo session.,0.1740196078431373,4,3.3124602088939525,0.8259803921568627,612.008947,8.755920693624962e-13,0.495534991827958,2014-08-24T15-56-07-MetatoneOSCLog-autosplit
2014-08-24 16:10:02.141891,demonstration,improvisation,iPad,colour music concert - audience demo session.,0.10897435897435903,2,1.9820230234446092,0.891025641025641,78.330483,0.0,0.6438399758712677,2014-08-24T16-10-02-MetatoneOSCLog-autosplit
2014-12-12 12:06:19.528851,data_collection,composition,iPad,gesture data collection with harness - charles,0.03714285714285703,1,3.2863404192937526,0.962857142857143,699.783175,8.398555070840404e-10,0.36549658699096055,2014-12-12T12-05-53-GestureTargetLog-CPM
2015-02-07 17:20:17.103662,data_collection,composition,iPad,gesture data collection with harness - jonathan,0.14899713467048706,1,3.743646889128576,0.8510028653295129,698.746008,3.055953812841342e-11,0.3540856378672411,2015-02-07T17-19-45-MetatoneOSCLog-JG
2015-03-20 13:40:47.684507,rehearsal,composition,iPad,ANU New Music Ensemble - gesture study (rehearsal),0.1229314420803782,6,3.412104025654556,0.8770685579196218,422.836389,4.018905501033805e-12,0.3920498868433303,2015-03-20T13-40-47-MetatoneOSCLog-autosplit
2015-03-20 13:48:33.423973,rehearsal,fail,iPad,ANU New Music Ensemble Rehearsal,0.4,2,1.7609640474436812,0.6,5.020157,0.0,0.5830951894845301,2015-03-20T13-48-33-MetatoneOSCLog-autosplit
2015-03-20 13:49:15.926543,rehearsal,composition,iPad,ANU New Music Ensemble Rehearsal - rehearsing sections of gesture study,0.08372093023255811,6,1.9163406381310848,0.9162790697674419,214.572417,3.5304588821835633e-19,0.7222393715057495,2015-03-20T13-49-15-MetatoneOSCLog-autosplit
2015-03-20 13:53:24.325925,rehearsal,composition,iPad,ANU New Music Ensemble Rehearsal - rehearsing sections of gesture study,0.1228791773778919,5,2.4912743805056885,0.877120822622108,388.750292,1.5107237842407698e-14,0.6357244876539314,2015-03-20T13-53-24-MetatoneOSCLog-autosplit
2015-03-20 14:01:00.421682,rehearsal,fail,iPad,ANU New Music Ensemble Rehearsal,0.0,1,-inf,0.0,0.004293,0.0,0.0,2015-03-20T14-01-00-MetatoneOSCLog-autosplit
2015-03-20 14:02:20.406455,rehearsal,fail,iPad,ANU New Music Ensemble Rehearsal,0.0,1,-inf,0.0,0.002084,0.0,0.0,2015-03-20T14-02-20-MetatoneOSCLog-autosplit
2015-03-20 14:02:51.744646,rehearsal,composition,iPad,ANU New Music Ensemble - gesture study (rehearsal),0.1193058568329719,5,3.5234792460517284,0.8806941431670281,460.266348,3.2378606557437724e-11,0.3631132775688971,2015-03-20T14-02-51-MetatoneOSCLog-autosplit
2015-03-20 14:11:13.353861,rehearsal,fail,iPad,ANU New Music Ensemble Rehearsal,0.025641025641025772,3,0.5707541642968788,0.9743589743589742,65.540359,0.0,0.9192656360729983,2015-03-20T14-11-00-MetatoneOSCLog-6PlayerRehearsal
2015-03-21 23:48:32.856694,performance,composition,iPad,ANU New Music Ensemble Performance at You Are Here 2015,0.12797074954296161,6,3.6671747477855243,0.8720292504570384,546.728321,4.664248772325236e-11,0.34171233654543737,2015-03-21T23-45-42-MetatoneOSCLog-6PlayerPerformance
2015-04-24 15:40:00.578788,demonstration,improvisation,iPad,"study walkthrough with charles, christina, ben and malcolm.",0.06882352941176473,4,1.6006820414448082,0.9311764705882353,425.064114,5.12012249311639e-17,0.7938958295867877,2015-04-24T15-39-57-MetatoneOSCLog
2015-04-24 15:47:54.286346,demonstration,improvisation,iPad,"study walkthrough with charles, christina, ben and malcolm.",0.09405940594059392,4,2.3508846439123956,0.9059405940594061,101.551455,0.0,0.6193463038825114,2015-04-24T15-47-49-MetatoneOSCLog
2015-04-24 15:49:57.925677,demonstration,improvisation,iPad,"study walkthrough with charles, christina, ben and malcolm.",0.17622950819672126,4,2.889665911012122,0.8237704918032787,60.470308,0.0,0.48214561212631946,2015-04-24T15-49-54-MetatoneOSCLog
2015-04-24 15:51:17.229257,demonstration,fail,iPad,"study walkthrough with charles, christina, ben and malcolm.",0.27142857142857135,2,3.7265104750059828,0.7285714285714286,34.929703,0.0,0.31943828249996997,2015-04-24T15-51-15-MetatoneOSCLog
2015-04-24 15:53:51.383958,study,improvisation,iPad,"study walkthrough with charles, christina, ben and malcolm.",0.19454545454545438,4,3.9323589962438237,0.8054545454545455,275.441127,8.331334635539653e-12,0.3373401059871743,2015-04-24T15-53-38-MetatoneOSCLog
2015-04-24 16:04:14.922360,study,improvisation,iPad,"study walkthrough with charles, christina, ben and malcolm.",0.18522267206477727,4,3.787134692055942,0.8147773279352227,246.770818,7.774216836502237e-12,0.3643359180947155,2015-04-24T16-03-58-MetatoneOSCLog
2015-04-24 16:14:33.937713,study,improvisation,iPad,"study walkthrough with charles, christina, ben and malcolm.",0.18534482758620677,4,3.5280583230796285,0.8146551724137931,231.813166,5.368720250551273e-13,0.4046217828517702,2015-04-24T16-14-16-MetatoneOSCLog
2015-04-24 16:23:02.908009,study,improvisation,iPad,"study walkthrough with charles, christina, ben and malcolm.",0.1558935361216729,4,3.508093090820486,0.8441064638783271,262.935206,6.235283003967922e-13,0.38539502685103266,2015-04-24T16-22-51-MetatoneOSCLog
2015-04-29 17:54:52.018312,study,improvisation,iPad,2015 iPad Study Session in Listening Space,0.2105855855855856,4,4.077520319519255,0.7894144144144144,666.397226,2.0444611795171626e-11,0.31305901222345206,2015-04-29T17-54-12-MetatoneOSCLog
2015-04-29 18:11:55.343287,study,improvisation,iPad,2015 iPad Study Session in Listening Space,0.20833333333333337,4,3.892051669391242,0.7916666666666666,551.710219,1.334274890377112e-12,0.3334256232509518,2015-04-29T18-11-31-MetatoneOSCLog
2015-04-29 18:25:14.797605,study,improvisation,iPad,2015 iPad Study Session in Listening Space,0.17740046838407478,4,3.788682392307004,0.8225995316159251,426.543398,2.536851928154019e-12,0.337370679799068,2015-04-29T18-24-10-MetatoneOSCLog
2015-04-29 18:35:30.517296,study,improvisation,iPad,2015 iPad Study Session in Listening Space,0.1897810218978102,4,3.8143070788362716,0.8102189781021898,547.921482,1.9231113771313995e-12,0.34331311934847125,2015-04-29T18-34-58-MetatoneOSCLog
2015-05-01 17:53:23.576060,study,improvisation,iPad,2015 iPad Study Session in Listening Space,0.20524017467248884,4,3.957171121734456,0.794759825327511,458.187169,7.023928219579602e-12,0.33512438893235363,2015-05-01T17-52-41-MetatoneOSCLog
2015-05-01 18:20:44.864740,study,improvisation,iPad,2015 iPad Study Session in Listening Space,0.203125,4,4.008004126987895,0.796875,496.128227,3.5701104948917557e-12,0.3111042908417962,2015-05-01T18-20-16-MetatoneOSCLog
2015-05-01 18:34:23.255072,study,improvisation,iPad,2015 iPad Study Session in Listening Space,0.222107438016529,4,3.9949341331152177,0.777892561983471,484.156423,3.5271590555051915e-12,0.3469605959073101,2015-05-01T18-34-00-MetatoneOSCLog
2015-05-01 18:46:36.859530,study,improvisation,iPad,2015 iPad Study Session in Listening Space,0.22518050541516255,4,4.147155899096789,0.7748194945848375,553.449621,1.86089487852222e-11,0.3056243735998058,2015-05-01T18-46-15-MetatoneOSCLog
2015-05-07 18:11:26.362992,study,improvisation,iPad,2015 iPad Study Session in Listening Space,0.13099315068493148,4,3.4370139713212606,0.8690068493150684,584.36969,1.2512015937426465e-11,0.4241877649092058,2015-05-07T18-10-57-MetatoneOSCLog
2015-05-07 18:25:57.558081,study,improvisation,iPad,2015 iPad Study Session in Listening Space,0.19646464646464645,4,3.914751153764449,0.8035353535353535,495.234814,2.035841664668151e-11,0.3501897979704599,2015-05-07T18-25-31-MetatoneOSCLog
2015-05-07 18:37:59.149816,study,improvisation,iPad,2015 iPad Study Session in Listening Space,0.12976539589442818,4,3.241804802564536,0.8702346041055717,682.385519,3.041754643650331e-13,0.42503566894049033,2015-05-07T18-37-30-MetatoneOSCLog
2015-05-07 18:52:39.024239,study,improvisation,iPad,2015 iPad Study Session in Listening Space,0.14691235059760935,4,3.3940093454055393,0.8530876494023905,502.68979,3.1504834549150996e-12,0.4370978232287554,2015-05-07T18-52-14-MetatoneOSCLog
2015-05-08 15:28:20.560413,study,improvisation,iPad,2015 iPad Study Session in Listening Space,0.22763419483101388,4,4.081695402836606,0.7723658051689861,502.505539,7.318401131689803e-12,0.3294325176235259,2015-05-08T15-27-39-MetatoneOSCLog
2015-05-08 15:41:15.725976,study,improvisation,iPad,2015 iPad Study Session in Listening Space,0.20298372513562402,4,4.101327761869625,0.797016274864376,552.839799,3.122169665776872e-11,0.3175323972110285,2015-05-08T15-40-48-MetatoneOSCLog
2015-05-08 15:53:57.501890,study,improvisation,iPad,2015 iPad Study Session in Listening Space,0.16756548536209548,4,3.8217990218550812,0.8324345146379045,649.122387,1.7619330615984678e-11,0.34911748770399587,2015-05-08T15-53-31-MetatoneOSCLog
2015-05-08 16:08:10.914470,study,improvisation,iPad,2015 iPad Study Session in Listening Space,0.1683864915572233,4,3.938783670524488,0.8316135084427767,532.231741,4.419490076722281e-11,0.32132502834121124,2015-05-08T16-07-46-MetatoneOSCLog
2015-06-03 11:49:44.247576,demonstration,improvisation,iPad,NIME 2015 poster demo session,0.15221774193548387,2,3.3330050339090977,0.8477822580645161,496.440508,2.8856423579076935e-13,0.4509193262810275,2015-06-03T11-44-21-MetatoneOSCLog
2015-06-03 11:58:07.670342,demonstration,improvisation,iPad,NIME 2015 poster demo session,0.12437395659432374,2,2.8325684947958543,0.8756260434056761,599.097226,1.6465656538152775e-13,0.5794900407544479,2015-06-03T11-58-07-MetatoneOSCLog
2015-06-03 12:24:33.903959,demonstration,improvisation,iPad,NIME 2015 poster demo session,0.10922330097087404,2,2.6575257264005727,0.8907766990291262,412.030799,1.8252441238359085e-13,0.5969344266958638,2015-06-03T12-23-20-MetatoneOSCLog
2015-06-03 12:32:50.235958,demonstration,improvisation,iPad,NIME 2015 poster demo session,0.18160741885625953,2,3.5835202625890057,0.8183925811437405,647.37253,3.051619240232085e-12,0.44349422014948153,2015-06-03T12-32-45-MetatoneOSCLog
2015-06-03 12:45:18.075280,demonstration,improvisation,iPad,NIME 2015 poster demo session,0.19514563106796112,2,3.5430013312930764,0.8048543689320389,515.85644,8.732861705768789e-13,0.45098942346917986,2015-06-03T12-43-43-MetatoneOSCLog
2015-06-03 12:56:45.571663,demonstration,improvisation,iPad,NIME 2015 poster demo session,0.21974522292993628,2,3.6714523205244634,0.7802547770700636,156.850728,3.870856726136054e-13,0.4145758052517463,2015-06-03T12-56-45-MetatoneOSCLog-autosplit
2015-06-03 13:11:06.685858,demonstration,improvisation,iPad,NIME 2015 poster demo session,0.06300813008130068,2,1.0839768566427905,0.9369918699186993,245.534899,0.0,0.8688162606434177,2015-06-03T13-11-06-MetatoneOSCLog-autosplit
2015-06-03 13:15:18.136367,demonstration,improvisation,iPad,NIME 2015 poster demo session,0.02238805970149249,2,0.7682770276721682,0.9776119402985075,201.470822,0.0,0.8858585818816618,2015-06-03T13-15-18-MetatoneOSCLog-autosplit
2015-06-03 13:21:44.021393,demonstration,improvisation,iPad,NIME 2015 poster demo session,0.15567765567765568,2,2.547090045752022,0.8443223443223443,273.906249,3.3598146578185515e-15,0.6497005896386353,2015-06-03T13-21-44-MetatoneOSCLog-autosplit
2015-06-03 13:28:26.262378,demonstration,improvisation,iPad,NIME 2015 poster demo session,0.13858093126385818,2,2.8091746405146063,0.8614190687361418,451.166216,0.0,0.5585228976492278,2015-06-03T13-27-38-MetatoneOSCLog
2015-06-03 13:43:26.981226,demonstration,improvisation,iPad,NIME 2015 poster demo session,0.11085972850678727,2,2.102958496212669,0.8891402714932127,220.773361,0.0,0.7109834248683596,2015-06-03T13-42-22-MetatoneOSCLog
2015-06-03 13:55:51.408092,demonstration,improvisation,iPad,NIME 2015 poster demo session,0.07861635220125784,2,1.7034502484044531,0.9213836477987422,158.625629,0.0,0.7624473076341962,2015-06-03T13-53-06-MetatoneOSCLog
2015-06-03 14:03:48.767869,demonstration,improvisation,iPad,NIME 2015 poster demo session,0.16222961730449229,2,3.196928617168247,0.8377703826955075,601.068649,6.825346320757299e-13,0.5152471332348509,2015-06-03T14-03-40-MetatoneOSCLog
2015-06-03 14:16:41.628736,demonstration,improvisation,iPad,NIME 2015 poster demo session,0.13255360623781676,2,2.6524290606725858,0.8674463937621832,513.10544,1.5250514293084504e-16,0.6058443782022513,2015-06-03T14-14-37-MetatoneOSCLog
2015-06-03 14:25:30.962074,demonstration,improvisation,iPad,NIME 2015 poster demo session,0.12734082397003746,2,2.695870728936281,0.8726591760299625,533.435607,1.66689476189707e-14,0.6011848475916395,2015-06-03T14-25-25-MetatoneOSCLog
2015-06-22 14:41:54.881804,rehearsal,improvisation,iPad,CGS classroom session,0.2068965517241379,2,3.3294140814202,0.7931034482758621,87.11751,4.965847589347458e-16,0.4865749537590051,2015-06-22T14-41-40-MetatoneOSCLog
2015-06-22 14:46:21.531978,rehearsal,improvisation,iPad,CGS classroom session,0.2784810126582279,2,3.218125806100866,0.7215189873417721,79.264008,0.0,0.4687818781554735,2015-06-22T14-46-15-MetatoneOSCLog
2015-06-22 14:50:19.611843,rehearsal,improvisation,iPad,CGS classroom session,0.2800000000000002,2,4.07085019340937,0.72,124.446847,0.0,0.3156707145111817,2015-06-22T14-50-15-MetatoneOSCLog
2015-06-22 14:55:26.811268,rehearsal,fail,iPad,CGS classroom session,0.11111111111111105,2,1.550691288015528,0.888888888888889,17.54072,0.0,0.6608542918539067,2015-06-22T14-55-12-MetatoneOSCLog
2015-06-22 14:56:03.293495,rehearsal,improvisation,iPad,CGS classroom session,0.3209876543209877,2,4.255370768345809,0.6790123456790123,162.62534,7.49766005668044e-13,0.30479078754638295,2015-06-22T14-56-00-MetatoneOSCLog
2015-06-22 14:59:37.180664,rehearsal,fail,iPad,CGS classroom session,0.20833333333333343,2,1.7969371097526867,0.7916666666666667,12.077161,0.0,0.6291528696058959,2015-06-22T14-59-30-MetatoneOSCLog
2015-06-22 15:00:15.521448,rehearsal,improvisation,iPad,CGS classroom session,0.32456140350877194,2,4.441663727935903,0.6754385964912281,227.716581,1.924590149350071e-12,0.28162539923997626,2015-06-22T15-00-08-MetatoneOSCLog
2015-06-22 15:05:29.536208,rehearsal,improvisation,iPad,CGS classroom session,0.2151639344262295,2,3.451939362405329,0.7848360655737705,243.958448,6.407538236266462e-13,0.5076014493570832,2015-06-22T15-05-24-MetatoneOSCLog
2015-06-22 15:13:55.003444,rehearsal,improvisation,iPad,CGS classroom session,0.22589285714285703,4,3.9715888739910548,0.7741071428571429,280.05166,7.973995386062637e-12,0.336558588767943,2015-06-22T15-13-49-MetatoneOSCLog
2015-06-22 15:20:57.202154,rehearsal,improvisation,iPad,CGS classroom session,0.27618243243243246,4,4.280661379328299,0.7238175675675675,296.096946,2.197708572465169e-12,0.2978654161767141,2015-06-22T15-20-54-MetatoneOSCLog
2015-06-23 14:46:59.704682,rehearsal,improvisation,iPad,CGS classroom session,0.2633587786259544,5,4.426690036653675,0.7366412213740458,523.887504,4.053136746655653e-11,0.27522551157426484,2015-06-23T14-46-55-MetatoneOSCLog
2015-06-23 15:00:11.449963,rehearsal,improvisation,iPad,CGS classroom session,0.25842696629213463,5,4.236539784624854,0.7415730337078652,444.632466,8.73255794396559e-12,0.31038938937036464,2015-06-23T15-00-08-MetatoneOSCLog
2015-06-23 15:10:44.193902,rehearsal,improvisation,iPad,CGS classroom session,0.18097345132743348,5,3.414490787728067,0.8190265486725665,451.971668,3.700685846722643e-13,0.4705418833962316,2015-06-23T15-10-41-MetatoneOSCLog
