time,B6CE44A7-A245-41A7-9AE7-557D1EAD3DF4,BD49B35A-8999-4987-9759-8D3F28D1292B
2015-06-03 12:56:45,0,0
2015-06-03 12:56:46,2,0
2015-06-03 12:56:47,2,0
2015-06-03 12:56:48,2,0
2015-06-03 12:56:49,1,0
2015-06-03 12:56:50,1,0
2015-06-03 12:56:51,1,0
2015-06-03 12:56:52,1,0
2015-06-03 12:56:53,1,0
2015-06-03 12:56:54,1,0
2015-06-03 12:56:55,1,0
2015-06-03 12:56:56,1,0
2015-06-03 12:56:57,4,0
2015-06-03 12:56:58,4,0
2015-06-03 12:56:59,4,0
2015-06-03 12:57:00,4,0
2015-06-03 12:57:01,4,4
2015-06-03 12:57:02,3,4
2015-06-03 12:57:03,0,4
2015-06-03 12:57:04,0,4
2015-06-03 12:57:05,0,4
2015-06-03 12:57:06,0,4
2015-06-03 12:57:07,0,4
2015-06-03 12:57:08,0,7
2015-06-03 12:57:09,0,8
2015-06-03 12:57:10,0,8
2015-06-03 12:57:11,0,8
2015-06-03 12:57:12,0,8
2015-06-03 12:57:13,0,8
2015-06-03 12:57:14,2,8
2015-06-03 12:57:15,3,8
2015-06-03 12:57:16,4,8
2015-06-03 12:57:17,8,8
2015-06-03 12:57:18,8,8
2015-06-03 12:57:19,7,8
2015-06-03 12:57:20,6,8
2015-06-03 12:57:21,4,7
2015-06-03 12:57:22,4,8
2015-06-03 12:57:23,4,8
2015-06-03 12:57:24,4,8
2015-06-03 12:57:25,4,8
2015-06-03 12:57:26,4,8
2015-06-03 12:57:27,4,8
2015-06-03 12:57:28,4,3
2015-06-03 12:57:29,0,3
2015-06-03 12:57:30,0,3
2015-06-03 12:57:31,0,3
2015-06-03 12:57:32,0,3
2015-06-03 12:57:33,0,8
2015-06-03 12:57:34,0,8
2015-06-03 12:57:35,0,7
2015-06-03 12:57:36,0,2
2015-06-03 12:57:37,0,0
2015-06-03 12:57:38,0,0
2015-06-03 12:57:39,0,0
2015-06-03 12:57:40,8,0
2015-06-03 12:57:41,8,0
2015-06-03 12:57:42,7,0
2015-06-03 12:57:43,4,0
2015-06-03 12:57:44,8,0
2015-06-03 12:57:45,7,0
2015-06-03 12:57:46,7,0
2015-06-03 12:57:47,7,0
2015-06-03 12:57:48,7,0
2015-06-03 12:57:49,7,0
2015-06-03 12:57:50,4,0
2015-06-03 12:57:51,4,0
2015-06-03 12:57:52,4,0
2015-06-03 12:57:53,3,0
2015-06-03 12:57:54,4,0
2015-06-03 12:57:55,4,0
2015-06-03 12:57:56,8,0
2015-06-03 12:57:57,8,0
2015-06-03 12:57:58,7,0
2015-06-03 12:57:59,7,2
2015-06-03 12:58:00,8,1
2015-06-03 12:58:01,4,1
2015-06-03 12:58:02,4,1
2015-06-03 12:58:03,3,1
2015-06-03 12:58:04,3,1
2015-06-03 12:58:05,3,1
2015-06-03 12:58:06,3,1
2015-06-03 12:58:07,3,3
2015-06-03 12:58:08,4,1
2015-06-03 12:58:09,4,8
2015-06-03 12:58:10,4,2
2015-06-03 12:58:11,6,0
2015-06-03 12:58:12,6,0
2015-06-03 12:58:13,0,0
2015-06-03 12:58:14,0,0
2015-06-03 12:58:15,0,0
2015-06-03 12:58:16,0,0
2015-06-03 12:58:17,2,0
2015-06-03 12:58:18,2,0
2015-06-03 12:58:19,4,0
2015-06-03 12:58:20,4,0
2015-06-03 12:58:21,4,0
2015-06-03 12:58:22,4,0
2015-06-03 12:58:23,4,0
2015-06-03 12:58:24,2,0
2015-06-03 12:58:25,0,0
2015-06-03 12:58:26,0,0
2015-06-03 12:58:27,0,0
2015-06-03 12:58:28,0,0
2015-06-03 12:58:29,0,0
2015-06-03 12:58:30,0,0
2015-06-03 12:58:31,0,0
2015-06-03 12:58:32,0,0
2015-06-03 12:58:33,0,6
2015-06-03 12:58:34,0,2
2015-06-03 12:58:35,0,2
2015-06-03 12:58:36,0,2
2015-06-03 12:58:37,0,2
2015-06-03 12:58:38,0,2
2015-06-03 12:58:39,0,0
2015-06-03 12:58:40,0,0
2015-06-03 12:58:41,0,0
2015-06-03 12:58:42,0,0
2015-06-03 12:58:43,0,2
2015-06-03 12:58:44,0,2
2015-06-03 12:58:45,0,2
2015-06-03 12:58:46,0,2
2015-06-03 12:58:47,0,2
2015-06-03 12:58:48,0,2
2015-06-03 12:58:49,0,2
2015-06-03 12:58:50,0,2
2015-06-03 12:58:51,0,2
2015-06-03 12:58:52,0,2
2015-06-03 12:58:53,2,2
2015-06-03 12:58:54,2,2
2015-06-03 12:58:55,2,3
2015-06-03 12:58:56,2,4
2015-06-03 12:58:57,2,4
2015-06-03 12:58:58,2,4
2015-06-03 12:58:59,2,8
2015-06-03 12:59:00,2,8
2015-06-03 12:59:01,2,4
2015-06-03 12:59:02,1,4
2015-06-03 12:59:03,1,4
2015-06-03 12:59:04,1,3
2015-06-03 12:59:05,1,2
2015-06-03 12:59:06,1,2
2015-06-03 12:59:07,1,1
2015-06-03 12:59:08,1,1
2015-06-03 12:59:09,1,5
2015-06-03 12:59:10,1,5
2015-06-03 12:59:11,1,5
2015-06-03 12:59:12,1,5
2015-06-03 12:59:13,1,5
2015-06-03 12:59:14,1,5
2015-06-03 12:59:15,1,5
2015-06-03 12:59:16,1,5
2015-06-03 12:59:17,1,3
2015-06-03 12:59:18,3,2
2015-06-03 12:59:19,3,2
2015-06-03 12:59:20,3,5
2015-06-03 12:59:21,1,5
2015-06-03 12:59:22,3,2
2015-06-03 12:59:23,2,2
2015-06-03 12:59:24,0,2
2015-06-03 12:59:25,0,2
2015-06-03 12:59:26,0,2
2015-06-03 12:59:27,0,2
2015-06-03 12:59:28,0,0
2015-06-03 12:59:29,0,0
2015-06-03 12:59:30,0,0
2015-06-03 12:59:31,0,0
2015-06-03 12:59:32,0,0
2015-06-03 12:59:33,0,0
2015-06-03 12:59:34,0,0
2015-06-03 12:59:35,0,0
2015-06-03 12:59:36,0,0
2015-06-03 12:59:37,0,0
2015-06-03 12:59:38,0,0
2015-06-03 12:59:39,0,0
2015-06-03 12:59:40,0,0
2015-06-03 12:59:41,0,0
2015-06-03 12:59:42,0,0
2015-06-03 12:59:43,0,0
2015-06-03 12:59:44,0,0
2015-06-03 12:59:45,0,0
2015-06-03 12:59:46,0,0
2015-06-03 12:59:47,0,0
2015-06-03 12:59:48,0,0
2015-06-03 12:59:49,0,0
2015-06-03 12:59:50,0,0
2015-06-03 12:59:51,0,0
2015-06-03 12:59:52,0,0
2015-06-03 12:59:53,0,0
2015-06-03 12:59:54,0,0
2015-06-03 12:59:55,0,0
2015-06-03 12:59:56,0,0
2015-06-03 12:59:57,0,0
2015-06-03 12:59:58,0,0
2015-06-03 12:59:59,0,0
2015-06-03 13:00:00,0,0
2015-06-03 13:00:01,0,0
2015-06-03 13:00:02,0,0
2015-06-03 13:00:03,0,0
2015-06-03 13:00:04,0,0
2015-06-03 13:00:05,0,0
2015-06-03 13:00:06,0,0
2015-06-03 13:00:07,0,0
2015-06-03 13:00:08,0,0
2015-06-03 13:00:09,0,0
2015-06-03 13:00:10,0,0
2015-06-03 13:00:11,0,0
2015-06-03 13:00:12,0,0
2015-06-03 13:00:13,0,0
2015-06-03 13:00:14,0,0
2015-06-03 13:00:15,0,0
2015-06-03 13:00:16,0,0
2015-06-03 13:00:17,0,0
2015-06-03 13:00:18,0,0
2015-06-03 13:00:19,0,0
2015-06-03 13:00:20,0,0
2015-06-03 13:00:21,0,0
2015-06-03 13:00:22,0,0
2015-06-03 13:00:23,0,0
2015-06-03 13:00:24,0,0
2015-06-03 13:00:25,0,0
2015-06-03 13:00:26,0,0
2015-06-03 13:00:27,0,0
2015-06-03 13:00:28,0,0
2015-06-03 13:00:29,0,0
2015-06-03 13:00:30,0,0
2015-06-03 13:00:31,0,0
2015-06-03 13:00:32,0,0
2015-06-03 13:00:33,0,0
2015-06-03 13:00:34,0,0
2015-06-03 13:00:35,0,0
2015-06-03 13:00:36,0,0
2015-06-03 13:00:37,0,0
2015-06-03 13:00:38,0,0
2015-06-03 13:00:39,0,0
2015-06-03 13:00:40,0,0
2015-06-03 13:00:41,0,0
2015-06-03 13:00:42,0,0
2015-06-03 13:00:43,0,0
2015-06-03 13:00:44,0,0
2015-06-03 13:00:45,0,0
2015-06-03 13:00:46,0,0
2015-06-03 13:00:47,0,0
2015-06-03 13:00:48,0,0
2015-06-03 13:00:49,0,0
2015-06-03 13:00:50,0,0
2015-06-03 13:00:51,0,0
2015-06-03 13:00:52,0,0
2015-06-03 13:00:53,0,0
2015-06-03 13:00:54,0,0
2015-06-03 13:00:55,0,0
2015-06-03 13:00:56,0,0
2015-06-03 13:00:57,0,0
2015-06-03 13:00:58,0,0
2015-06-03 13:00:59,0,0
2015-06-03 13:01:00,0,0
2015-06-03 13:01:01,0,0
2015-06-03 13:01:02,0,0
2015-06-03 13:01:03,0,0
2015-06-03 13:01:04,0,0
2015-06-03 13:01:05,0,0
2015-06-03 13:01:06,0,0
2015-06-03 13:01:07,0,0
2015-06-03 13:01:08,0,0
2015-06-03 13:01:09,0,0
2015-06-03 13:01:10,0,0
2015-06-03 13:01:11,0,0
2015-06-03 13:01:12,0,0
2015-06-03 13:01:13,0,0
2015-06-03 13:01:14,0,0
2015-06-03 13:01:15,0,0
2015-06-03 13:01:16,0,0
2015-06-03 13:01:17,0,0
2015-06-03 13:01:18,0,0
2015-06-03 13:01:19,0,0
2015-06-03 13:01:20,0,0
2015-06-03 13:01:21,0,0
2015-06-03 13:01:22,0,0
2015-06-03 13:01:23,0,0
2015-06-03 13:01:24,0,0
2015-06-03 13:01:25,0,0
2015-06-03 13:01:26,0,0
2015-06-03 13:01:27,0,0
2015-06-03 13:01:28,0,0
2015-06-03 13:01:29,0,0
2015-06-03 13:01:30,0,0
2015-06-03 13:01:31,0,0
2015-06-03 13:01:32,0,0
2015-06-03 13:01:33,0,0
2015-06-03 13:01:34,0,0
2015-06-03 13:01:35,0,0
2015-06-03 13:01:36,0,0
2015-06-03 13:01:37,0,0
2015-06-03 13:01:38,0,0
2015-06-03 13:01:39,0,0
2015-06-03 13:01:40,0,0
2015-06-03 13:01:41,0,0
2015-06-03 13:01:42,0,0
2015-06-03 13:01:43,0,0
2015-06-03 13:01:44,0,0
2015-06-03 13:01:45,0,0
2015-06-03 13:01:46,0,0
2015-06-03 13:01:47,0,0
2015-06-03 13:01:48,0,0
2015-06-03 13:01:49,0,0
2015-06-03 13:01:50,0,0
2015-06-03 13:01:51,0,0
2015-06-03 13:01:52,0,0
2015-06-03 13:01:53,0,0
2015-06-03 13:01:54,0,0
2015-06-03 13:01:55,0,0
2015-06-03 13:01:56,0,0
2015-06-03 13:01:57,0,0
2015-06-03 13:01:58,0,0
2015-06-03 13:01:59,0,0
2015-06-03 13:02:00,0,0
2015-06-03 13:02:01,0,0
2015-06-03 13:02:02,0,0
2015-06-03 13:02:03,0,0
2015-06-03 13:02:04,0,0
2015-06-03 13:02:05,0,0
2015-06-03 13:02:06,0,0
2015-06-03 13:02:07,0,0
2015-06-03 13:02:08,0,0
2015-06-03 13:02:09,0,0
2015-06-03 13:02:10,0,0
2015-06-03 13:02:11,0,0
2015-06-03 13:02:12,0,0
2015-06-03 13:02:13,0,0
2015-06-03 13:02:14,0,0
2015-06-03 13:02:15,0,0
2015-06-03 13:02:16,0,0
2015-06-03 13:02:17,0,0
2015-06-03 13:02:18,0,0
2015-06-03 13:02:19,0,0
2015-06-03 13:02:20,0,0
2015-06-03 13:02:21,0,0
2015-06-03 13:02:22,0,0
2015-06-03 13:02:23,0,0
2015-06-03 13:02:24,0,0
2015-06-03 13:02:25,0,0
2015-06-03 13:02:26,0,0
2015-06-03 13:02:27,0,0
2015-06-03 13:02:28,0,0
2015-06-03 13:02:29,0,0
2015-06-03 13:02:30,0,0
2015-06-03 13:02:31,0,0
2015-06-03 13:02:32,0,0
2015-06-03 13:02:33,0,0
2015-06-03 13:02:34,0,0
2015-06-03 13:02:35,0,0
2015-06-03 13:02:36,0,0
2015-06-03 13:02:37,0,0
2015-06-03 13:02:38,0,0
2015-06-03 13:02:39,0,0
2015-06-03 13:02:40,0,0
2015-06-03 13:02:41,0,0
2015-06-03 13:02:42,0,0
2015-06-03 13:02:43,0,0
2015-06-03 13:02:44,0,0
2015-06-03 13:02:45,0,0
2015-06-03 13:02:46,0,0
2015-06-03 13:02:47,0,0
2015-06-03 13:02:48,0,0
2015-06-03 13:02:49,0,0
2015-06-03 13:02:50,0,0
2015-06-03 13:02:51,0,0
2015-06-03 13:02:52,0,0
2015-06-03 13:02:53,0,0
2015-06-03 13:02:54,0,0
2015-06-03 13:02:55,0,0
2015-06-03 13:02:56,0,0
2015-06-03 13:02:57,0,0
2015-06-03 13:02:58,0,0
2015-06-03 13:02:59,0,0
2015-06-03 13:03:00,0,0
2015-06-03 13:03:01,0,0
2015-06-03 13:03:02,0,0
2015-06-03 13:03:03,0,0
2015-06-03 13:03:04,0,0
2015-06-03 13:03:05,0,0
2015-06-03 13:03:06,0,0
2015-06-03 13:03:07,0,0
2015-06-03 13:03:08,0,0
2015-06-03 13:03:09,0,0
2015-06-03 13:03:10,0,0
2015-06-03 13:03:11,0,0
2015-06-03 13:03:12,0,0
2015-06-03 13:03:13,0,0
2015-06-03 13:03:14,0,0
2015-06-03 13:03:15,0,0
2015-06-03 13:03:16,0,0
2015-06-03 13:03:17,0,0
2015-06-03 13:03:18,0,0
2015-06-03 13:03:19,0,0
2015-06-03 13:03:20,0,0
2015-06-03 13:03:21,0,0
2015-06-03 13:03:22,0,0
2015-06-03 13:03:23,0,0
2015-06-03 13:03:24,0,0
2015-06-03 13:03:25,0,0
2015-06-03 13:03:26,0,0
2015-06-03 13:03:27,0,0
2015-06-03 13:03:28,0,0
2015-06-03 13:03:29,0,0
2015-06-03 13:03:30,0,0
2015-06-03 13:03:31,0,0
2015-06-03 13:03:32,0,0
2015-06-03 13:03:33,0,0
2015-06-03 13:03:34,0,0
2015-06-03 13:03:35,0,0
2015-06-03 13:03:36,0,0
2015-06-03 13:03:37,0,0
2015-06-03 13:03:38,0,0
2015-06-03 13:03:39,0,0
2015-06-03 13:03:40,0,0
2015-06-03 13:03:41,0,0
2015-06-03 13:03:42,0,0
2015-06-03 13:03:43,0,0
2015-06-03 13:03:44,0,0
2015-06-03 13:03:45,0,0
2015-06-03 13:03:46,0,0
2015-06-03 13:03:47,0,0
2015-06-03 13:03:48,0,0
2015-06-03 13:03:49,0,0
2015-06-03 13:03:50,0,0
2015-06-03 13:03:51,0,0
2015-06-03 13:03:52,0,0
2015-06-03 13:03:53,0,0
2015-06-03 13:03:54,0,0
2015-06-03 13:03:55,0,0
2015-06-03 13:03:56,0,0
2015-06-03 13:03:57,0,0
2015-06-03 13:03:58,0,0
2015-06-03 13:03:59,0,0
2015-06-03 13:04:00,0,0
2015-06-03 13:04:01,0,0
2015-06-03 13:04:02,0,0
2015-06-03 13:04:03,0,0
2015-06-03 13:04:04,0,0
2015-06-03 13:04:05,0,0
2015-06-03 13:04:06,0,0
2015-06-03 13:04:07,0,0
2015-06-03 13:04:08,0,0
2015-06-03 13:04:09,0,0
2015-06-03 13:04:10,0,0
2015-06-03 13:04:11,0,0
2015-06-03 13:04:12,0,0
2015-06-03 13:04:13,0,0
2015-06-03 13:04:14,0,0
2015-06-03 13:04:15,0,0
2015-06-03 13:04:16,0,0
2015-06-03 13:04:17,0,0
2015-06-03 13:04:18,0,0
2015-06-03 13:04:19,0,0
2015-06-03 13:04:20,0,0
2015-06-03 13:04:21,0,0
2015-06-03 13:04:22,0,0
2015-06-03 13:04:23,0,0
2015-06-03 13:04:24,0,0
2015-06-03 13:04:25,0,0
2015-06-03 13:04:26,0,0
2015-06-03 13:04:27,0,0
2015-06-03 13:04:28,0,0
2015-06-03 13:04:29,0,0
2015-06-03 13:04:30,0,0
2015-06-03 13:04:31,0,0
2015-06-03 13:04:32,0,0
2015-06-03 13:04:33,0,0
2015-06-03 13:04:34,0,0
2015-06-03 13:04:35,0,0
2015-06-03 13:04:36,0,0
2015-06-03 13:04:37,0,0
2015-06-03 13:04:38,0,0
2015-06-03 13:04:39,0,0
2015-06-03 13:04:40,0,0
2015-06-03 13:04:41,0,0
2015-06-03 13:04:42,0,0
2015-06-03 13:04:43,0,0
2015-06-03 13:04:44,0,0
2015-06-03 13:04:45,0,0
2015-06-03 13:04:46,0,0
2015-06-03 13:04:47,0,0
2015-06-03 13:04:48,0,0
2015-06-03 13:04:49,0,0
2015-06-03 13:04:50,0,0
2015-06-03 13:04:51,0,0
2015-06-03 13:04:52,0,0
2015-06-03 13:04:53,0,0
2015-06-03 13:04:54,0,0
2015-06-03 13:04:55,0,0
2015-06-03 13:04:56,0,0
2015-06-03 13:04:57,0,0
2015-06-03 13:04:58,0,0
2015-06-03 13:04:59,0,0
2015-06-03 13:05:00,0,0
2015-06-03 13:05:01,0,0
2015-06-03 13:05:02,0,0
2015-06-03 13:05:03,0,0
2015-06-03 13:05:04,0,0
2015-06-03 13:05:05,0,0
2015-06-03 13:05:06,0,0
2015-06-03 13:05:07,0,0
2015-06-03 13:05:08,0,0
2015-06-03 13:05:09,0,0
2015-06-03 13:05:10,0,0
2015-06-03 13:05:11,0,0
2015-06-03 13:05:12,0,0
2015-06-03 13:05:13,0,0
2015-06-03 13:05:14,0,0
2015-06-03 13:05:15,0,0
2015-06-03 13:05:16,0,0
2015-06-03 13:05:17,0,0
2015-06-03 13:05:18,0,0
2015-06-03 13:05:19,0,0
2015-06-03 13:05:20,0,0
2015-06-03 13:05:21,0,0
2015-06-03 13:05:22,0,0
2015-06-03 13:05:23,0,0
2015-06-03 13:05:24,0,0
2015-06-03 13:05:25,0,0
2015-06-03 13:05:26,0,0
2015-06-03 13:05:27,0,0
2015-06-03 13:05:28,0,0
2015-06-03 13:05:29,0,0
2015-06-03 13:05:30,0,0
2015-06-03 13:05:31,0,0
2015-06-03 13:05:32,0,0
2015-06-03 13:05:33,0,0
2015-06-03 13:05:34,0,0
2015-06-03 13:05:35,0,0
2015-06-03 13:05:36,0,0
2015-06-03 13:05:37,0,0
2015-06-03 13:05:38,0,0
2015-06-03 13:05:39,0,0
2015-06-03 13:05:40,0,0
2015-06-03 13:05:41,0,0
2015-06-03 13:05:42,0,0
2015-06-03 13:05:43,0,0
2015-06-03 13:05:44,0,0
2015-06-03 13:05:45,0,0
2015-06-03 13:05:46,0,0
2015-06-03 13:05:47,0,0
2015-06-03 13:05:48,0,0
2015-06-03 13:05:49,0,0
2015-06-03 13:05:50,0,0
2015-06-03 13:05:51,0,0
2015-06-03 13:05:52,0,0
2015-06-03 13:05:53,0,0
2015-06-03 13:05:54,0,0
2015-06-03 13:05:55,0,0
2015-06-03 13:05:56,0,0
2015-06-03 13:05:57,0,0
2015-06-03 13:05:58,0,0
2015-06-03 13:05:59,0,0
2015-06-03 13:06:00,0,0
2015-06-03 13:06:01,0,0
2015-06-03 13:06:02,0,0
2015-06-03 13:06:03,0,0
2015-06-03 13:06:04,0,0
2015-06-03 13:06:05,0,0
2015-06-03 13:06:06,0,0
2015-06-03 13:06:07,0,0
2015-06-03 13:06:08,0,0
2015-06-03 13:06:09,0,0
2015-06-03 13:06:10,0,0
2015-06-03 13:06:11,0,0
2015-06-03 13:06:12,0,0
2015-06-03 13:06:13,0,0
2015-06-03 13:06:14,0,0
2015-06-03 13:06:15,0,0
2015-06-03 13:06:16,0,0
2015-06-03 13:06:17,0,0
2015-06-03 13:06:18,0,0
2015-06-03 13:06:19,0,0
2015-06-03 13:06:20,0,0
2015-06-03 13:06:21,0,0
2015-06-03 13:06:22,0,0
2015-06-03 13:06:23,0,0
2015-06-03 13:06:24,0,0
2015-06-03 13:06:25,0,0
2015-06-03 13:06:26,0,0
2015-06-03 13:06:27,0,0
2015-06-03 13:06:28,0,0
2015-06-03 13:06:29,0,0
2015-06-03 13:06:30,0,0
2015-06-03 13:06:31,0,0
2015-06-03 13:06:32,0,0
2015-06-03 13:06:33,0,0
2015-06-03 13:06:34,0,0
2015-06-03 13:06:35,0,0
2015-06-03 13:06:36,0,0
2015-06-03 13:06:37,0,0
2015-06-03 13:06:38,0,0
2015-06-03 13:06:39,0,0
2015-06-03 13:06:40,0,0
2015-06-03 13:06:41,0,0
2015-06-03 13:06:42,0,0
2015-06-03 13:06:43,0,0
2015-06-03 13:06:44,0,0
2015-06-03 13:06:45,0,0
2015-06-03 13:06:46,0,0
2015-06-03 13:06:47,0,0
2015-06-03 13:06:48,0,0
2015-06-03 13:06:49,0,0
2015-06-03 13:06:50,0,0
2015-06-03 13:06:51,0,0
2015-06-03 13:06:52,0,0
2015-06-03 13:06:53,0,0
2015-06-03 13:06:54,0,0
2015-06-03 13:06:55,0,0
2015-06-03 13:06:56,0,0
2015-06-03 13:06:57,0,0
2015-06-03 13:06:58,0,0
2015-06-03 13:06:59,0,0
2015-06-03 13:07:00,0,0
2015-06-03 13:07:01,0,0
2015-06-03 13:07:02,0,0
2015-06-03 13:07:03,0,0
2015-06-03 13:07:04,0,0
2015-06-03 13:07:05,0,0
2015-06-03 13:07:06,0,0
2015-06-03 13:07:07,0,0
2015-06-03 13:07:08,0,0
2015-06-03 13:07:09,0,0
2015-06-03 13:07:10,0,0
2015-06-03 13:07:11,0,0
2015-06-03 13:07:12,0,0
2015-06-03 13:07:13,0,0
2015-06-03 13:07:14,0,0
2015-06-03 13:07:15,0,0
2015-06-03 13:07:16,0,0
2015-06-03 13:07:17,0,0
2015-06-03 13:07:18,0,0
2015-06-03 13:07:19,0,0
2015-06-03 13:07:20,0,0
2015-06-03 13:07:21,0,0
2015-06-03 13:07:22,0,0
2015-06-03 13:07:23,0,0
2015-06-03 13:07:24,0,0
2015-06-03 13:07:25,0,0
2015-06-03 13:07:26,0,0
2015-06-03 13:07:27,0,0
2015-06-03 13:07:28,0,0
2015-06-03 13:07:29,0,0
2015-06-03 13:07:30,0,0
2015-06-03 13:07:31,0,0
2015-06-03 13:07:32,0,0
2015-06-03 13:07:33,0,0
2015-06-03 13:07:34,0,0
2015-06-03 13:07:35,0,0
2015-06-03 13:07:36,0,0
2015-06-03 13:07:37,0,0
2015-06-03 13:07:38,0,0
2015-06-03 13:07:39,0,0
2015-06-03 13:07:40,0,0
2015-06-03 13:07:41,0,0
2015-06-03 13:07:42,0,0
2015-06-03 13:07:43,0,0
2015-06-03 13:07:44,0,0
2015-06-03 13:07:45,0,0
2015-06-03 13:07:46,0,0
2015-06-03 13:07:47,0,0
2015-06-03 13:07:48,0,0
2015-06-03 13:07:49,0,0
2015-06-03 13:07:50,0,0
2015-06-03 13:07:51,0,0
2015-06-03 13:07:52,0,0
2015-06-03 13:07:53,0,0
2015-06-03 13:07:54,0,0
2015-06-03 13:07:55,0,0
2015-06-03 13:07:56,0,0
2015-06-03 13:07:57,0,0
2015-06-03 13:07:58,0,0
2015-06-03 13:07:59,0,0
2015-06-03 13:08:00,0,0
2015-06-03 13:08:01,0,0
2015-06-03 13:08:02,0,0
2015-06-03 13:08:03,0,0
2015-06-03 13:08:04,0,0
2015-06-03 13:08:05,0,0
2015-06-03 13:08:06,0,0
2015-06-03 13:08:07,0,0
2015-06-03 13:08:08,0,0
2015-06-03 13:08:09,0,0
2015-06-03 13:08:10,0,0
2015-06-03 13:08:11,0,0
2015-06-03 13:08:12,0,0
2015-06-03 13:08:13,0,0
2015-06-03 13:08:14,0,0
2015-06-03 13:08:15,0,0
2015-06-03 13:08:16,0,0
2015-06-03 13:08:17,0,0
2015-06-03 13:08:18,0,0
2015-06-03 13:08:19,0,0
2015-06-03 13:08:20,0,0
2015-06-03 13:08:21,0,0
2015-06-03 13:08:22,0,0
2015-06-03 13:08:23,0,0
2015-06-03 13:08:24,0,0
2015-06-03 13:08:25,0,0
2015-06-03 13:08:26,0,0
2015-06-03 13:08:27,0,0
2015-06-03 13:08:28,0,0
2015-06-03 13:08:29,0,0
2015-06-03 13:08:30,0,0
2015-06-03 13:08:31,0,0
2015-06-03 13:08:32,0,0
2015-06-03 13:08:33,0,0
2015-06-03 13:08:34,0,0
2015-06-03 13:08:35,0,0
2015-06-03 13:08:36,0,0
2015-06-03 13:08:37,0,0
2015-06-03 13:08:38,0,0
2015-06-03 13:08:39,0,0
2015-06-03 13:08:40,0,0
2015-06-03 13:08:41,0,0
2015-06-03 13:08:42,0,0
2015-06-03 13:08:43,0,0
2015-06-03 13:08:44,0,0
2015-06-03 13:08:45,0,0
2015-06-03 13:08:46,0,0
2015-06-03 13:08:47,0,0
2015-06-03 13:08:48,0,0
2015-06-03 13:08:49,0,0
2015-06-03 13:08:50,0,0
2015-06-03 13:08:51,0,0
2015-06-03 13:08:52,0,0
2015-06-03 13:08:53,0,0
2015-06-03 13:08:54,0,0
2015-06-03 13:08:55,0,0
2015-06-03 13:08:56,0,0
2015-06-03 13:08:57,0,0
2015-06-03 13:08:58,0,0
2015-06-03 13:08:59,0,0
2015-06-03 13:09:00,0,0
2015-06-03 13:09:01,0,0
2015-06-03 13:09:02,0,0
2015-06-03 13:09:03,0,0
2015-06-03 13:09:04,0,0
2015-06-03 13:09:05,0,0
2015-06-03 13:09:06,0,0
2015-06-03 13:09:07,0,0
2015-06-03 13:09:08,0,0
2015-06-03 13:09:09,0,0
2015-06-03 13:09:10,0,0
2015-06-03 13:09:11,0,0
2015-06-03 13:09:12,0,0
2015-06-03 13:09:13,0,0
2015-06-03 13:09:14,0,0
2015-06-03 13:09:15,0,0
2015-06-03 13:09:16,0,0
2015-06-03 13:09:17,0,0
2015-06-03 13:09:18,0,0
2015-06-03 13:09:19,0,0
2015-06-03 13:09:20,0,0
2015-06-03 13:09:21,0,0
2015-06-03 13:09:22,0,0
2015-06-03 13:09:23,0,0
2015-06-03 13:09:24,0,0
2015-06-03 13:09:25,0,0
2015-06-03 13:09:26,0,0
2015-06-03 13:09:27,0,0
2015-06-03 13:09:28,0,0
2015-06-03 13:09:29,0,0
2015-06-03 13:09:30,0,0
2015-06-03 13:09:31,0,0
2015-06-03 13:09:32,0,0
2015-06-03 13:09:33,0,0
2015-06-03 13:09:34,0,0
2015-06-03 13:09:35,0,0
2015-06-03 13:09:36,0,0
2015-06-03 13:09:37,0,0
2015-06-03 13:09:38,0,0
2015-06-03 13:09:39,0,0
2015-06-03 13:09:40,0,0
2015-06-03 13:09:41,0,0
2015-06-03 13:09:42,0,0
2015-06-03 13:09:43,0,0
2015-06-03 13:09:44,0,0
2015-06-03 13:09:45,0,0
2015-06-03 13:09:46,0,0
2015-06-03 13:09:47,0,0
2015-06-03 13:09:48,0,0
2015-06-03 13:09:49,0,0
2015-06-03 13:09:50,0,0
2015-06-03 13:09:51,0,0
2015-06-03 13:09:52,0,0
2015-06-03 13:09:53,0,0
2015-06-03 13:09:54,0,0
2015-06-03 13:09:55,0,0
2015-06-03 13:09:56,0,0
2015-06-03 13:09:57,0,0
2015-06-03 13:09:58,0,0
2015-06-03 13:09:59,0,0
2015-06-03 13:10:00,0,0
2015-06-03 13:10:01,0,0
2015-06-03 13:10:02,0,0
2015-06-03 13:10:03,0,0
2015-06-03 13:10:04,0,0
2015-06-03 13:10:05,0,0
2015-06-03 13:10:06,0,0
2015-06-03 13:10:07,0,0
2015-06-03 13:10:08,0,0
2015-06-03 13:10:09,0,0
2015-06-03 13:10:10,0,0
2015-06-03 13:10:11,0,0
2015-06-03 13:10:12,0,0
2015-06-03 13:10:13,0,0
2015-06-03 13:10:14,0,0
2015-06-03 13:10:15,0,0
2015-06-03 13:10:16,0,0
2015-06-03 13:10:17,0,0
2015-06-03 13:10:18,0,0
2015-06-03 13:10:19,0,0
2015-06-03 13:10:20,0,0
2015-06-03 13:10:21,0,0
2015-06-03 13:10:22,0,0
2015-06-03 13:10:23,0,0
2015-06-03 13:10:24,0,0
2015-06-03 13:10:25,0,0
2015-06-03 13:10:26,0,0
2015-06-03 13:10:27,0,0
2015-06-03 13:10:28,0,0
2015-06-03 13:10:29,0,0
2015-06-03 13:10:30,0,0
2015-06-03 13:10:31,0,0
2015-06-03 13:10:32,0,0
2015-06-03 13:10:33,0,0
2015-06-03 13:10:34,0,0
2015-06-03 13:10:35,0,0
2015-06-03 13:10:36,0,0
2015-06-03 13:10:37,0,0
2015-06-03 13:10:38,0,0
2015-06-03 13:10:39,0,0
2015-06-03 13:10:40,0,0
2015-06-03 13:10:41,0,0
2015-06-03 13:10:42,0,0
2015-06-03 13:10:43,0,0
2015-06-03 13:10:44,0,0
2015-06-03 13:10:45,0,0
2015-06-03 13:10:46,0,0
2015-06-03 13:10:47,0,0
2015-06-03 13:10:48,0,0
2015-06-03 13:10:49,0,0
2015-06-03 13:10:50,0,0
2015-06-03 13:10:51,0,0
2015-06-03 13:10:52,0,0
2015-06-03 13:10:53,0,0
2015-06-03 13:10:54,0,0
2015-06-03 13:10:55,0,0
2015-06-03 13:10:56,0,0
2015-06-03 13:10:57,0,0
2015-06-03 13:10:58,0,0
2015-06-03 13:10:59,0,0
2015-06-03 13:11:00,0,0
2015-06-03 13:11:01,0,0
2015-06-03 13:11:02,0,0
2015-06-03 13:11:03,0,0
2015-06-03 13:11:04,0,0
2015-06-03 13:11:05,0,0
2015-06-03 13:11:06,0,0
2015-06-03 13:11:07,0,4
2015-06-03 13:11:08,0,4
2015-06-03 13:11:09,0,8
2015-06-03 13:11:10,0,3
2015-06-03 13:11:11,0,3
2015-06-03 13:11:12,0,3
2015-06-03 13:11:13,0,3
2015-06-03 13:11:14,0,3
2015-06-03 13:11:15,0,3
2015-06-03 13:11:16,0,3
2015-06-03 13:11:17,0,3
2015-06-03 13:11:18,0,2
2015-06-03 13:11:19,0,2
2015-06-03 13:11:20,0,2
2015-06-03 13:11:21,0,2
2015-06-03 13:11:22,0,2
2015-06-03 13:11:23,0,0
2015-06-03 13:11:24,0,0
2015-06-03 13:11:25,0,0
2015-06-03 13:11:26,0,0
2015-06-03 13:11:27,0,0
2015-06-03 13:11:28,0,0
2015-06-03 13:11:29,0,0
2015-06-03 13:11:30,0,0
2015-06-03 13:11:31,0,0
2015-06-03 13:11:32,0,0
2015-06-03 13:11:33,0,0
2015-06-03 13:11:34,0,0
2015-06-03 13:11:35,0,0
2015-06-03 13:11:36,0,0
2015-06-03 13:11:37,0,0
2015-06-03 13:11:38,0,0
2015-06-03 13:11:39,0,0
2015-06-03 13:11:40,0,0
2015-06-03 13:11:41,0,0
2015-06-03 13:11:42,0,0
2015-06-03 13:11:43,0,0
2015-06-03 13:11:44,0,0
2015-06-03 13:11:45,0,0
2015-06-03 13:11:46,0,0
2015-06-03 13:11:47,0,0
2015-06-03 13:11:48,0,0
2015-06-03 13:11:49,0,0
2015-06-03 13:11:50,0,0
2015-06-03 13:11:51,0,0
2015-06-03 13:11:52,0,0
2015-06-03 13:11:53,0,0
2015-06-03 13:11:54,0,0
2015-06-03 13:11:55,0,0
2015-06-03 13:11:56,4,0
2015-06-03 13:11:57,4,0
2015-06-03 13:11:58,8,0
2015-06-03 13:11:59,8,0
2015-06-03 13:12:00,8,0
2015-06-03 13:12:01,8,2
2015-06-03 13:12:02,3,8
2015-06-03 13:12:03,4,8
2015-06-03 13:12:04,2,8
2015-06-03 13:12:05,2,3
2015-06-03 13:12:06,0,3
2015-06-03 13:12:07,2,3
2015-06-03 13:12:08,2,3
2015-06-03 13:12:09,2,8
2015-06-03 13:12:10,3,8
2015-06-03 13:12:11,0,2
2015-06-03 13:12:12,0,0
2015-06-03 13:12:13,0,0
2015-06-03 13:12:14,0,0
2015-06-03 13:12:15,0,0
2015-06-03 13:12:16,0,0
2015-06-03 13:12:17,0,2
2015-06-03 13:12:18,0,4
2015-06-03 13:12:19,0,4
2015-06-03 13:12:20,0,8
2015-06-03 13:12:21,0,8
2015-06-03 13:12:22,0,7
2015-06-03 13:12:23,0,7
2015-06-03 13:12:24,0,7
2015-06-03 13:12:25,0,7
2015-06-03 13:12:26,0,4
2015-06-03 13:12:27,0,0
2015-06-03 13:12:28,0,0
2015-06-03 13:12:29,0,0
2015-06-03 13:12:30,0,0
2015-06-03 13:12:31,0,0
2015-06-03 13:12:32,0,0
2015-06-03 13:12:33,0,0
2015-06-03 13:12:34,0,0
2015-06-03 13:12:35,0,0
2015-06-03 13:12:36,0,0
2015-06-03 13:12:37,0,0
2015-06-03 13:12:38,0,0
2015-06-03 13:12:39,0,0
2015-06-03 13:12:40,0,0
2015-06-03 13:12:41,0,0
2015-06-03 13:12:42,0,0
2015-06-03 13:12:43,0,0
2015-06-03 13:12:44,0,0
2015-06-03 13:12:45,0,0
2015-06-03 13:12:46,0,0
2015-06-03 13:12:47,0,0
2015-06-03 13:12:48,0,0
2015-06-03 13:12:49,0,0
2015-06-03 13:12:50,0,0
2015-06-03 13:12:51,0,0
2015-06-03 13:12:52,0,0
2015-06-03 13:12:53,0,0
2015-06-03 13:12:54,0,0
2015-06-03 13:12:55,0,0
2015-06-03 13:12:56,0,0
2015-06-03 13:12:57,0,0
2015-06-03 13:12:58,0,0
2015-06-03 13:12:59,0,0
2015-06-03 13:13:00,0,0
2015-06-03 13:13:01,0,0
2015-06-03 13:13:02,0,0
2015-06-03 13:13:03,0,0
2015-06-03 13:13:04,0,0
2015-06-03 13:13:05,0,0
2015-06-03 13:13:06,0,0
2015-06-03 13:13:07,0,0
2015-06-03 13:13:08,0,0
2015-06-03 13:13:09,0,0
2015-06-03 13:13:10,0,0
2015-06-03 13:13:11,0,0
2015-06-03 13:13:12,0,0
2015-06-03 13:13:13,0,0
2015-06-03 13:13:14,0,0
2015-06-03 13:13:15,0,0
2015-06-03 13:13:16,0,0
2015-06-03 13:13:17,0,0
2015-06-03 13:13:18,0,0
2015-06-03 13:13:19,0,0
2015-06-03 13:13:20,0,0
2015-06-03 13:13:21,0,0
2015-06-03 13:13:22,0,0
2015-06-03 13:13:23,0,0
2015-06-03 13:13:24,0,0
2015-06-03 13:13:25,0,0
2015-06-03 13:13:26,0,0
2015-06-03 13:13:27,0,0
2015-06-03 13:13:28,0,0
2015-06-03 13:13:29,0,0
2015-06-03 13:13:30,0,0
2015-06-03 13:13:31,0,0
2015-06-03 13:13:32,0,0
2015-06-03 13:13:33,0,0
2015-06-03 13:13:34,0,0
2015-06-03 13:13:35,0,0
2015-06-03 13:13:36,0,0
2015-06-03 13:13:37,0,0
2015-06-03 13:13:38,0,0
2015-06-03 13:13:39,0,0
2015-06-03 13:13:40,0,0
2015-06-03 13:13:41,0,0
2015-06-03 13:13:42,0,0
2015-06-03 13:13:43,0,0
2015-06-03 13:13:44,0,0
2015-06-03 13:13:45,0,0
2015-06-03 13:13:46,0,0
2015-06-03 13:13:47,0,0
2015-06-03 13:13:48,0,0
2015-06-03 13:13:49,0,0
2015-06-03 13:13:50,0,0
2015-06-03 13:13:51,0,0
2015-06-03 13:13:52,0,0
2015-06-03 13:13:53,0,0
2015-06-03 13:13:54,0,0
2015-06-03 13:13:55,0,0
2015-06-03 13:13:56,0,0
2015-06-03 13:13:57,0,0
2015-06-03 13:13:58,0,0
2015-06-03 13:13:59,0,0
2015-06-03 13:14:00,0,0
2015-06-03 13:14:01,0,0
2015-06-03 13:14:02,0,0
2015-06-03 13:14:03,0,0
2015-06-03 13:14:04,0,0
2015-06-03 13:14:05,0,0
2015-06-03 13:14:06,0,0
2015-06-03 13:14:07,0,0
2015-06-03 13:14:08,0,0
2015-06-03 13:14:09,0,0
2015-06-03 13:14:10,0,0
2015-06-03 13:14:11,0,0
2015-06-03 13:14:12,0,0
2015-06-03 13:14:13,0,0
2015-06-03 13:14:14,0,0
2015-06-03 13:14:15,0,0
2015-06-03 13:14:16,0,0
2015-06-03 13:14:17,0,0
2015-06-03 13:14:18,0,0
2015-06-03 13:14:19,0,0
2015-06-03 13:14:20,0,0
2015-06-03 13:14:21,0,0
2015-06-03 13:14:22,0,0
2015-06-03 13:14:23,0,0
2015-06-03 13:14:24,0,0
2015-06-03 13:14:25,0,0
2015-06-03 13:14:26,0,0
2015-06-03 13:14:27,0,0
2015-06-03 13:14:28,0,0
2015-06-03 13:14:29,0,0
2015-06-03 13:14:30,0,0
2015-06-03 13:14:31,0,0
2015-06-03 13:14:32,0,0
2015-06-03 13:14:33,0,0
2015-06-03 13:14:34,0,0
2015-06-03 13:14:35,0,0
2015-06-03 13:14:36,0,0
2015-06-03 13:14:37,0,0
2015-06-03 13:14:38,0,0
2015-06-03 13:14:39,0,0
2015-06-03 13:14:40,0,0
2015-06-03 13:14:41,0,0
2015-06-03 13:14:42,0,0
2015-06-03 13:14:43,0,0
2015-06-03 13:14:44,0,0
2015-06-03 13:14:45,0,0
2015-06-03 13:14:46,0,0
2015-06-03 13:14:47,0,0
2015-06-03 13:14:48,0,0
2015-06-03 13:14:49,0,0
2015-06-03 13:14:50,0,0
2015-06-03 13:14:51,0,0
2015-06-03 13:14:52,0,0
2015-06-03 13:14:53,0,0
2015-06-03 13:14:54,0,0
2015-06-03 13:14:55,0,0
2015-06-03 13:14:56,0,0
2015-06-03 13:14:57,0,0
2015-06-03 13:14:58,0,0
2015-06-03 13:14:59,0,0
2015-06-03 13:15:00,0,0
2015-06-03 13:15:01,0,3
2015-06-03 13:15:02,0,3
2015-06-03 13:15:03,0,3
2015-06-03 13:15:04,0,3
2015-06-03 13:15:05,0,3
2015-06-03 13:15:06,0,2
2015-06-03 13:15:07,0,0
2015-06-03 13:15:08,0,0
2015-06-03 13:15:09,0,0
2015-06-03 13:15:10,0,2
2015-06-03 13:15:11,0,0
2015-06-03 13:15:12,0,0
