time,2FA454D2-F35D-45D6-BE5D-D848B409B713,7FC04E34-F3AE-4764-9432-DD032ED6C36B,24C41EC3-7ECC-40DA-B942-7ABE23017E74,B6CE44A7-A245-41A7-9AE7-557D1EAD3DF4,BD49B35A-8999-4987-9759-8D3F28D1292B,275913F5-90E9-4C82-B94C-29A8AA3B4C57
2015-03-20 13:40:47,0,0,0,0,0,0
2015-03-20 13:40:48,6,2,2,2,2,0
2015-03-20 13:40:49,7,6,7,6,7,8
2015-03-20 13:40:50,7,7,7,6,7,7
2015-03-20 13:40:51,7,7,8,7,7,7
2015-03-20 13:40:52,7,7,7,7,7,7
2015-03-20 13:40:53,7,7,7,7,7,7
2015-03-20 13:40:54,7,7,7,7,5,7
2015-03-20 13:40:55,7,7,7,7,5,7
2015-03-20 13:40:56,6,7,7,7,5,7
2015-03-20 13:40:57,6,7,7,7,5,7
2015-03-20 13:40:58,8,7,7,7,5,7
2015-03-20 13:40:59,8,7,7,7,5,7
2015-03-20 13:41:00,6,7,7,7,5,7
2015-03-20 13:41:01,8,7,7,7,5,7
2015-03-20 13:41:02,8,7,7,7,5,7
2015-03-20 13:41:03,8,7,7,7,7,7
2015-03-20 13:41:04,8,7,7,7,7,7
2015-03-20 13:41:05,7,7,8,7,7,7
2015-03-20 13:41:06,6,7,7,7,7,6
2015-03-20 13:41:07,6,7,7,7,7,7
2015-03-20 13:41:08,6,7,7,7,7,7
2015-03-20 13:41:09,7,7,7,7,7,6
2015-03-20 13:41:10,8,7,7,7,7,6
2015-03-20 13:41:11,8,7,7,7,7,6
2015-03-20 13:41:12,8,7,7,7,7,6
2015-03-20 13:41:13,8,7,7,7,7,7
2015-03-20 13:41:14,7,7,7,7,8,6
2015-03-20 13:41:15,7,7,7,7,4,7
2015-03-20 13:41:16,7,7,7,7,4,6
2015-03-20 13:41:17,7,7,7,7,4,6
2015-03-20 13:41:18,7,7,7,7,3,7
2015-03-20 13:41:19,7,7,7,7,3,7
2015-03-20 13:41:20,8,7,7,7,8,7
2015-03-20 13:41:21,8,7,7,7,7,7
2015-03-20 13:41:22,8,7,7,7,7,7
2015-03-20 13:41:23,8,7,7,7,7,7
2015-03-20 13:41:24,8,7,7,7,7,7
2015-03-20 13:41:25,7,7,7,7,7,7
2015-03-20 13:41:26,7,7,7,7,7,7
2015-03-20 13:41:27,7,7,6,7,7,7
2015-03-20 13:41:28,7,7,7,7,7,7
2015-03-20 13:41:29,7,7,7,7,7,7
2015-03-20 13:41:30,7,7,7,7,7,7
2015-03-20 13:41:31,8,7,7,7,7,7
2015-03-20 13:41:32,8,7,7,7,7,7
2015-03-20 13:41:33,8,7,7,6,7,7
2015-03-20 13:41:34,8,7,7,6,7,7
2015-03-20 13:41:35,8,5,7,6,7,7
2015-03-20 13:41:36,8,5,7,2,7,7
2015-03-20 13:41:37,7,5,7,2,7,7
2015-03-20 13:41:38,7,5,7,2,7,7
2015-03-20 13:41:39,7,5,7,2,7,7
2015-03-20 13:41:40,7,7,7,2,7,7
2015-03-20 13:41:41,7,7,7,2,7,7
2015-03-20 13:41:42,7,7,7,2,7,7
2015-03-20 13:41:43,7,7,7,2,6,7
2015-03-20 13:41:44,7,7,7,2,6,7
2015-03-20 13:41:45,7,5,7,2,6,7
2015-03-20 13:41:46,8,5,7,2,6,7
2015-03-20 13:41:47,8,7,7,2,6,7
2015-03-20 13:41:48,2,5,7,2,7,7
2015-03-20 13:41:49,2,5,7,2,7,7
2015-03-20 13:41:50,2,5,7,2,7,7
2015-03-20 13:41:51,2,5,7,2,7,7
2015-03-20 13:41:52,2,5,7,2,7,7
2015-03-20 13:41:53,2,5,7,2,7,7
2015-03-20 13:41:54,2,5,7,2,7,7
2015-03-20 13:41:55,2,5,7,2,7,7
2015-03-20 13:41:56,2,5,7,2,7,7
2015-03-20 13:41:57,2,5,7,2,7,7
2015-03-20 13:41:58,2,5,7,2,7,7
2015-03-20 13:41:59,2,5,7,2,7,7
2015-03-20 13:42:00,2,5,5,2,7,7
2015-03-20 13:42:01,2,5,5,2,7,7
2015-03-20 13:42:02,2,5,5,2,7,8
2015-03-20 13:42:03,2,5,5,5,7,8
2015-03-20 13:42:04,2,5,5,5,7,8
2015-03-20 13:42:05,2,5,7,5,7,8
2015-03-20 13:42:06,2,5,7,2,7,2
2015-03-20 13:42:07,2,5,7,2,7,2
2015-03-20 13:42:08,2,5,7,2,7,2
2015-03-20 13:42:09,2,5,7,2,7,2
2015-03-20 13:42:10,2,2,7,2,7,2
2015-03-20 13:42:11,8,2,7,2,7,2
2015-03-20 13:42:12,8,2,7,2,7,2
2015-03-20 13:42:13,7,2,7,2,7,2
2015-03-20 13:42:14,7,2,7,2,7,2
2015-03-20 13:42:15,7,2,7,2,7,2
2015-03-20 13:42:16,8,2,7,2,7,2
2015-03-20 13:42:17,8,2,7,2,7,2
2015-03-20 13:42:18,2,2,7,2,7,2
2015-03-20 13:42:19,2,2,7,2,7,2
2015-03-20 13:42:20,2,2,7,2,7,2
2015-03-20 13:42:21,8,2,7,2,7,2
2015-03-20 13:42:22,8,2,7,2,7,2
2015-03-20 13:42:23,7,2,7,2,7,2
2015-03-20 13:42:24,7,2,7,2,7,2
2015-03-20 13:42:25,7,2,7,2,7,2
2015-03-20 13:42:26,7,2,7,2,7,2
2015-03-20 13:42:27,7,2,7,2,7,2
2015-03-20 13:42:28,7,2,7,2,7,2
2015-03-20 13:42:29,7,2,8,2,8,2
2015-03-20 13:42:30,7,2,8,2,8,2
2015-03-20 13:42:31,7,2,2,2,8,2
2015-03-20 13:42:32,5,2,2,2,2,2
2015-03-20 13:42:33,6,2,2,2,2,2
2015-03-20 13:42:34,7,2,2,2,2,2
2015-03-20 13:42:35,6,2,2,2,2,2
2015-03-20 13:42:36,7,2,2,2,2,2
2015-03-20 13:42:37,7,2,2,2,2,2
2015-03-20 13:42:38,7,2,2,2,2,2
2015-03-20 13:42:39,7,2,2,2,2,2
2015-03-20 13:42:40,7,2,2,2,2,5
2015-03-20 13:42:41,5,2,2,2,2,5
2015-03-20 13:42:42,5,2,2,2,2,5
2015-03-20 13:42:43,5,2,2,2,2,5
2015-03-20 13:42:44,5,2,2,2,2,5
2015-03-20 13:42:45,2,2,2,7,2,7
2015-03-20 13:42:46,2,2,2,8,2,7
2015-03-20 13:42:47,2,2,2,7,2,7
2015-03-20 13:42:48,7,2,2,7,2,8
2015-03-20 13:42:49,7,2,2,7,2,8
2015-03-20 13:42:50,7,1,2,5,2,8
2015-03-20 13:42:51,7,5,2,5,1,8
2015-03-20 13:42:52,7,5,2,5,8,7
2015-03-20 13:42:53,7,5,2,5,7,5
2015-03-20 13:42:54,5,5,2,5,7,5
2015-03-20 13:42:55,5,5,2,5,7,5
2015-03-20 13:42:56,5,5,2,5,7,7
2015-03-20 13:42:57,5,5,2,5,7,8
2015-03-20 13:42:58,7,5,2,5,7,5
2015-03-20 13:42:59,7,5,2,5,7,5
2015-03-20 13:43:00,7,5,5,5,7,7
2015-03-20 13:43:01,7,5,8,5,7,7
2015-03-20 13:43:02,7,5,8,5,7,5
2015-03-20 13:43:03,7,5,8,5,7,7
2015-03-20 13:43:04,7,5,7,5,7,7
2015-03-20 13:43:05,7,5,7,5,7,7
2015-03-20 13:43:06,7,5,7,5,7,7
2015-03-20 13:43:07,5,5,7,5,7,7
2015-03-20 13:43:08,7,5,7,5,7,7
2015-03-20 13:43:09,7,5,7,2,7,7
2015-03-20 13:43:10,7,5,7,2,7,7
2015-03-20 13:43:11,7,5,7,2,7,8
2015-03-20 13:43:12,7,5,7,2,7,8
2015-03-20 13:43:13,7,5,7,2,7,8
2015-03-20 13:43:14,7,5,7,2,7,8
2015-03-20 13:43:15,6,5,7,2,7,8
2015-03-20 13:43:16,5,5,7,2,7,8
2015-03-20 13:43:17,8,5,7,2,7,8
2015-03-20 13:43:18,0,5,7,2,7,7
2015-03-20 13:43:19,2,5,7,2,7,8
2015-03-20 13:43:20,2,8,7,2,7,8
2015-03-20 13:43:21,2,8,7,2,7,8
2015-03-20 13:43:22,2,8,7,2,2,8
2015-03-20 13:43:23,2,8,7,2,2,8
2015-03-20 13:43:24,2,8,7,2,2,8
2015-03-20 13:43:25,2,8,7,2,8,7
2015-03-20 13:43:26,2,7,7,2,8,7
2015-03-20 13:43:27,2,7,7,2,3,7
2015-03-20 13:43:28,2,7,7,2,8,7
2015-03-20 13:43:29,2,7,7,2,3,7
2015-03-20 13:43:30,2,7,7,2,3,7
2015-03-20 13:43:31,2,8,7,2,3,7
2015-03-20 13:43:32,2,8,7,2,3,7
2015-03-20 13:43:33,2,8,7,2,3,7
2015-03-20 13:43:34,2,8,8,2,3,7
2015-03-20 13:43:35,2,8,3,2,1,7
2015-03-20 13:43:36,2,8,3,2,3,7
2015-03-20 13:43:37,2,8,3,2,3,8
2015-03-20 13:43:38,2,8,3,2,8,8
2015-03-20 13:43:39,2,8,3,2,8,7
2015-03-20 13:43:40,2,8,3,2,8,7
2015-03-20 13:43:41,2,7,3,2,8,8
2015-03-20 13:43:42,2,7,3,2,1,7
2015-03-20 13:43:43,2,7,3,2,8,8
2015-03-20 13:43:44,2,7,3,2,8,8
2015-03-20 13:43:45,2,7,3,2,1,8
2015-03-20 13:43:46,2,8,3,2,1,8
2015-03-20 13:43:47,2,8,3,2,1,7
2015-03-20 13:43:48,2,8,3,2,1,8
2015-03-20 13:43:49,2,8,3,2,1,8
2015-03-20 13:43:50,2,8,3,2,1,8
2015-03-20 13:43:51,2,8,3,2,8,7
2015-03-20 13:43:52,2,8,3,2,8,7
2015-03-20 13:43:53,2,8,3,2,1,7
2015-03-20 13:43:54,2,8,3,2,8,7
2015-03-20 13:43:55,2,8,3,2,8,8
2015-03-20 13:43:56,2,3,3,2,1,7
2015-03-20 13:43:57,2,3,3,2,1,7
2015-03-20 13:43:58,2,3,3,2,2,7
2015-03-20 13:43:59,2,3,3,2,2,7
2015-03-20 13:44:00,2,3,3,2,2,7
2015-03-20 13:44:01,2,3,3,2,2,7
2015-03-20 13:44:02,2,3,3,2,2,7
2015-03-20 13:44:03,2,3,3,2,2,7
2015-03-20 13:44:04,2,3,3,2,2,7
2015-03-20 13:44:05,2,3,3,2,2,7
2015-03-20 13:44:06,2,3,3,2,2,7
2015-03-20 13:44:07,2,8,3,2,2,7
2015-03-20 13:44:08,2,8,3,2,2,7
2015-03-20 13:44:09,2,8,3,2,2,7
2015-03-20 13:44:10,2,3,3,2,2,7
2015-03-20 13:44:11,2,8,3,2,2,8
2015-03-20 13:44:12,2,3,3,2,2,8
2015-03-20 13:44:13,2,8,3,2,2,8
2015-03-20 13:44:14,2,8,3,2,2,8
2015-03-20 13:44:15,2,3,3,2,2,7
2015-03-20 13:44:16,2,3,3,2,2,7
2015-03-20 13:44:17,2,8,3,2,2,7
2015-03-20 13:44:18,2,3,3,2,2,7
2015-03-20 13:44:19,2,3,3,2,2,8
2015-03-20 13:44:20,2,3,3,2,2,8
2015-03-20 13:44:21,2,3,3,2,2,8
2015-03-20 13:44:22,2,3,3,2,2,8
2015-03-20 13:44:23,2,3,3,2,2,8
2015-03-20 13:44:24,2,3,3,2,2,8
2015-03-20 13:44:25,2,3,3,2,2,8
2015-03-20 13:44:26,2,3,2,2,2,8
2015-03-20 13:44:27,2,3,2,2,2,8
2015-03-20 13:44:28,2,8,2,2,2,8
2015-03-20 13:44:29,2,8,2,2,2,8
2015-03-20 13:44:30,2,3,2,2,2,8
2015-03-20 13:44:31,2,3,2,2,2,3
2015-03-20 13:44:32,2,3,2,2,2,3
2015-03-20 13:44:33,2,3,2,2,2,8
2015-03-20 13:44:34,2,3,2,2,2,3
2015-03-20 13:44:35,2,2,3,2,2,3
2015-03-20 13:44:36,2,2,3,2,2,3
2015-03-20 13:44:37,2,2,3,2,2,3
2015-03-20 13:44:38,2,2,3,2,2,8
2015-03-20 13:44:39,1,2,3,2,2,8
2015-03-20 13:44:40,2,2,3,2,2,8
2015-03-20 13:44:41,2,2,3,2,2,8
2015-03-20 13:44:42,2,2,2,2,2,8
2015-03-20 13:44:43,2,2,2,0,8,2
2015-03-20 13:44:44,2,2,2,3,8,2
2015-03-20 13:44:45,2,2,2,4,6,2
2015-03-20 13:44:46,2,2,2,4,7,2
2015-03-20 13:44:47,2,2,2,4,6,2
2015-03-20 13:44:48,2,2,2,4,7,2
2015-03-20 13:44:49,2,2,3,4,5,2
2015-03-20 13:44:50,2,2,3,4,7,2
2015-03-20 13:44:51,3,2,3,4,7,2
2015-03-20 13:44:52,3,2,3,4,7,2
2015-03-20 13:44:53,3,2,3,4,7,2
2015-03-20 13:44:54,3,2,3,4,7,2
2015-03-20 13:44:55,3,2,3,4,7,2
2015-03-20 13:44:56,3,2,3,4,7,2
2015-03-20 13:44:57,3,2,3,4,7,2
2015-03-20 13:44:58,3,2,3,4,7,2
2015-03-20 13:44:59,3,2,3,4,7,2
2015-03-20 13:45:00,3,2,3,4,7,2
2015-03-20 13:45:01,4,2,3,4,7,2
2015-03-20 13:45:02,4,2,3,4,6,2
2015-03-20 13:45:03,3,2,3,4,5,2
2015-03-20 13:45:04,4,2,3,4,5,2
2015-03-20 13:45:05,4,2,3,4,5,2
2015-03-20 13:45:06,4,2,3,4,7,2
2015-03-20 13:45:07,4,2,3,4,7,3
2015-03-20 13:45:08,4,2,3,4,7,3
2015-03-20 13:45:09,4,2,3,4,7,3
2015-03-20 13:45:10,4,2,3,4,7,3
2015-03-20 13:45:11,4,2,3,8,7,3
2015-03-20 13:45:12,4,2,3,4,7,3
2015-03-20 13:45:13,4,2,3,4,7,3
2015-03-20 13:45:14,4,2,3,3,7,2
2015-03-20 13:45:15,4,2,3,3,7,4
2015-03-20 13:45:16,4,2,3,3,7,2
2015-03-20 13:45:17,3,3,3,3,7,2
2015-03-20 13:45:18,3,3,3,3,7,2
2015-03-20 13:45:19,3,3,3,3,7,2
2015-03-20 13:45:20,3,3,3,3,7,2
2015-03-20 13:45:21,3,3,3,3,7,2
2015-03-20 13:45:22,3,3,3,3,7,2
2015-03-20 13:45:23,3,8,3,3,7,2
2015-03-20 13:45:24,3,8,3,4,7,2
2015-03-20 13:45:25,3,8,3,4,7,2
2015-03-20 13:45:26,3,7,3,4,7,2
2015-03-20 13:45:27,3,7,3,7,7,2
2015-03-20 13:45:28,3,5,3,7,7,2
2015-03-20 13:45:29,3,5,3,7,5,8
2015-03-20 13:45:30,3,7,3,7,5,8
2015-03-20 13:45:31,3,8,3,7,5,8
2015-03-20 13:45:32,3,8,3,7,5,8
2015-03-20 13:45:33,3,7,3,7,5,8
2015-03-20 13:45:34,3,7,3,7,5,7
2015-03-20 13:45:35,3,7,3,7,5,7
2015-03-20 13:45:36,3,7,3,7,5,7
2015-03-20 13:45:37,3,7,3,7,7,8
2015-03-20 13:45:38,3,8,3,4,5,8
2015-03-20 13:45:39,4,8,3,4,5,8
2015-03-20 13:45:40,4,8,3,4,5,8
2015-03-20 13:45:41,7,8,3,4,5,8
2015-03-20 13:45:42,7,7,3,4,7,8
2015-03-20 13:45:43,7,7,3,4,7,8
2015-03-20 13:45:44,7,7,3,4,7,8
2015-03-20 13:45:45,7,7,3,4,7,8
2015-03-20 13:45:46,7,7,3,4,7,8
2015-03-20 13:45:47,8,7,3,4,7,8
2015-03-20 13:45:48,7,7,3,4,7,8
2015-03-20 13:45:49,8,7,3,4,7,8
2015-03-20 13:45:50,7,7,3,4,7,8
2015-03-20 13:45:51,7,8,3,4,8,8
2015-03-20 13:45:52,7,8,3,4,8,8
2015-03-20 13:45:53,8,8,3,4,8,8
2015-03-20 13:45:54,7,8,3,4,8,8
2015-03-20 13:45:55,8,8,3,4,2,8
2015-03-20 13:45:56,7,8,3,4,2,8
2015-03-20 13:45:57,7,8,3,4,2,8
2015-03-20 13:45:58,7,4,3,4,2,8
2015-03-20 13:45:59,8,4,3,4,2,8
2015-03-20 13:46:00,7,4,3,4,2,8
2015-03-20 13:46:01,8,4,3,4,2,8
2015-03-20 13:46:02,7,4,3,4,2,8
2015-03-20 13:46:03,8,4,3,4,4,8
2015-03-20 13:46:04,7,4,3,4,4,8
2015-03-20 13:46:05,7,4,3,4,4,8
2015-03-20 13:46:06,7,4,3,7,4,8
2015-03-20 13:46:07,7,4,1,4,2,4
2015-03-20 13:46:08,7,4,1,4,2,3
2015-03-20 13:46:09,7,3,1,4,2,8
2015-03-20 13:46:10,7,3,2,4,2,2
2015-03-20 13:46:11,7,3,2,4,2,2
2015-03-20 13:46:12,7,3,2,4,4,2
2015-03-20 13:46:13,7,3,2,4,6,2
2015-03-20 13:46:14,7,4,1,4,7,8
2015-03-20 13:46:15,7,8,8,4,7,8
2015-03-20 13:46:16,7,7,8,7,7,4
2015-03-20 13:46:17,7,7,7,7,7,7
2015-03-20 13:46:18,7,7,7,7,7,7
2015-03-20 13:46:19,5,7,7,7,7,7
2015-03-20 13:46:20,5,7,7,7,7,7
2015-03-20 13:46:21,5,7,7,7,7,7
2015-03-20 13:46:22,5,7,7,7,7,7
2015-03-20 13:46:23,0,7,7,7,7,7
2015-03-20 13:46:24,7,7,7,7,7,7
2015-03-20 13:46:25,7,7,7,7,7,7
2015-03-20 13:46:26,7,5,7,7,7,7
2015-03-20 13:46:27,7,5,7,7,7,7
2015-03-20 13:46:28,7,5,7,7,7,7
2015-03-20 13:46:29,7,5,7,7,7,7
2015-03-20 13:46:30,7,5,7,7,7,7
2015-03-20 13:46:31,7,5,7,7,7,7
2015-03-20 13:46:32,7,7,7,7,7,7
2015-03-20 13:46:33,7,7,7,7,7,7
2015-03-20 13:46:34,7,7,7,8,7,7
2015-03-20 13:46:35,7,7,7,8,7,7
2015-03-20 13:46:36,7,7,7,8,7,7
2015-03-20 13:46:37,7,7,7,8,7,7
2015-03-20 13:46:38,7,7,7,8,7,7
2015-03-20 13:46:39,7,7,7,8,7,7
2015-03-20 13:46:40,8,6,7,8,7,3
2015-03-20 13:46:41,7,7,7,8,8,3
2015-03-20 13:46:42,7,7,7,8,3,3
2015-03-20 13:46:43,7,6,7,8,1,8
2015-03-20 13:46:44,5,7,7,8,1,8
2015-03-20 13:46:45,5,8,7,8,1,8
2015-03-20 13:46:46,5,8,8,1,1,8
2015-03-20 13:46:47,1,8,8,8,1,8
2015-03-20 13:46:48,1,8,8,8,1,8
2015-03-20 13:46:49,1,8,8,8,1,8
2015-03-20 13:46:50,1,8,8,8,1,8
2015-03-20 13:46:51,1,8,8,8,1,8
2015-03-20 13:46:52,1,8,8,8,1,8
2015-03-20 13:46:53,1,8,8,8,1,1
2015-03-20 13:46:54,1,8,8,8,1,8
2015-03-20 13:46:55,1,8,3,8,1,8
2015-03-20 13:46:56,1,8,1,1,1,8
2015-03-20 13:46:57,1,1,1,1,1,8
2015-03-20 13:46:58,1,1,1,1,1,8
2015-03-20 13:46:59,1,1,1,1,1,8
2015-03-20 13:47:00,1,1,1,1,1,8
2015-03-20 13:47:01,1,1,1,1,1,8
2015-03-20 13:47:02,1,1,1,1,1,8
2015-03-20 13:47:03,1,1,1,1,1,8
2015-03-20 13:47:04,1,1,1,1,1,8
2015-03-20 13:47:05,1,1,1,1,1,8
2015-03-20 13:47:06,1,1,1,1,1,8
2015-03-20 13:47:07,1,1,1,1,1,8
2015-03-20 13:47:08,1,1,1,1,1,8
2015-03-20 13:47:09,1,1,1,1,1,8
2015-03-20 13:47:10,1,1,1,1,1,8
2015-03-20 13:47:11,1,1,1,1,1,8
2015-03-20 13:47:12,1,1,1,1,1,8
2015-03-20 13:47:13,1,1,1,1,1,8
2015-03-20 13:47:14,1,1,1,1,1,8
2015-03-20 13:47:15,1,1,1,1,1,8
2015-03-20 13:47:16,1,1,1,1,1,8
2015-03-20 13:47:17,1,8,1,1,1,8
2015-03-20 13:47:18,1,1,1,1,1,8
2015-03-20 13:47:19,1,1,1,1,1,8
2015-03-20 13:47:20,1,1,1,1,1,8
2015-03-20 13:47:21,2,1,1,1,1,8
2015-03-20 13:47:22,1,1,1,1,1,8
2015-03-20 13:47:23,1,1,1,1,1,8
2015-03-20 13:47:24,1,1,1,1,1,8
2015-03-20 13:47:25,1,1,1,1,1,8
2015-03-20 13:47:26,1,1,1,1,1,8
2015-03-20 13:47:27,1,1,1,1,1,8
2015-03-20 13:47:28,1,1,1,1,1,8
2015-03-20 13:47:29,1,1,1,1,1,8
2015-03-20 13:47:30,2,1,1,1,1,8
2015-03-20 13:47:31,1,1,1,1,1,8
2015-03-20 13:47:32,1,1,1,1,1,8
2015-03-20 13:47:33,1,1,1,1,1,8
2015-03-20 13:47:34,1,1,1,1,1,8
2015-03-20 13:47:35,1,1,1,1,1,8
2015-03-20 13:47:36,1,1,1,1,1,8
2015-03-20 13:47:37,1,1,1,1,1,8
2015-03-20 13:47:38,1,1,1,1,1,8
2015-03-20 13:47:39,1,1,1,1,1,8
2015-03-20 13:47:40,1,1,1,1,1,8
2015-03-20 13:47:41,1,1,1,1,1,8
2015-03-20 13:47:42,1,1,1,1,1,8
2015-03-20 13:47:43,1,1,1,1,1,7
2015-03-20 13:47:44,1,1,1,1,1,4
2015-03-20 13:47:45,1,1,1,1,1,7
2015-03-20 13:47:46,1,1,2,1,2,4
2015-03-20 13:47:47,1,1,2,1,2,7
2015-03-20 13:47:48,1,1,2,1,2,7
2015-03-20 13:47:49,1,1,2,1,2,7
2015-03-20 13:47:50,1,1,2,1,2,7
2015-03-20 13:47:51,2,1,2,1,2,4
2015-03-20 13:47:52,2,2,2,1,2,4
2015-03-20 13:47:53,2,2,2,2,2,4
2015-03-20 13:47:54,2,0,2,2,2,0
2015-03-20 13:47:55,0,0,0,0,2,0
2015-03-20 13:47:56,0,0,0,0,0,0
2015-03-20 13:47:57,0,0,0,0,0,0
2015-03-20 13:47:58,0,0,0,0,0,0
2015-03-20 13:47:59,0,0,0,0,0,0
2015-03-20 13:48:00,0,0,0,0,0,0
2015-03-20 13:48:01,0,0,0,0,0,0
2015-03-20 13:48:02,0,0,0,0,0,0
2015-03-20 13:48:03,0,0,0,0,0,0
2015-03-20 13:48:04,0,0,0,0,0,0
2015-03-20 13:48:05,0,0,0,0,0,0
2015-03-20 13:48:06,0,0,0,0,0,0
2015-03-20 13:48:07,0,0,0,0,0,0
2015-03-20 13:48:08,0,0,0,0,0,0
2015-03-20 13:48:09,0,0,0,0,0,0
2015-03-20 13:48:10,0,0,0,0,0,0
2015-03-20 13:48:11,0,0,0,0,0,0
2015-03-20 13:48:12,0,0,0,0,0,0
2015-03-20 13:48:13,0,0,0,0,0,0
2015-03-20 13:48:14,0,0,0,0,0,0
2015-03-20 13:48:15,0,0,0,0,0,0
2015-03-20 13:48:16,0,0,0,0,0,0
2015-03-20 13:48:17,0,0,0,0,0,0
2015-03-20 13:48:18,0,0,0,0,0,0
2015-03-20 13:48:19,0,0,0,0,0,0
2015-03-20 13:48:20,0,0,0,0,0,0
2015-03-20 13:48:21,0,0,0,0,0,0
2015-03-20 13:48:22,0,0,0,0,0,0
2015-03-20 13:48:23,0,0,0,0,0,0
2015-03-20 13:48:24,0,0,0,0,0,0
2015-03-20 13:48:25,0,0,0,0,0,0
2015-03-20 13:48:26,0,0,0,0,0,0
2015-03-20 13:48:27,0,0,0,0,0,0
2015-03-20 13:48:28,0,0,0,0,0,0
2015-03-20 13:48:29,0,0,0,0,0,0
2015-03-20 13:48:30,0,0,0,0,0,0
2015-03-20 13:48:31,0,0,0,0,0,0
2015-03-20 13:48:32,0,0,0,0,0,0
2015-03-20 13:48:33,0,0,0,0,0,0
2015-03-20 13:48:34,0,2,0,0,0,0
2015-03-20 13:48:35,0,2,0,0,2,0
2015-03-20 13:48:36,0,2,0,0,2,0
2015-03-20 13:48:37,0,2,0,0,2,0
2015-03-20 13:48:38,0,2,0,0,2,0
2015-03-20 13:48:39,0,2,0,0,2,0
2015-03-20 13:48:40,0,2,0,0,2,0
2015-03-20 13:48:41,0,0,0,0,2,0
2015-03-20 13:48:42,0,0,0,0,2,0
2015-03-20 13:48:43,0,0,0,0,2,0
2015-03-20 13:48:44,0,0,0,0,0,0
2015-03-20 13:48:45,0,0,0,0,0,0
2015-03-20 13:48:46,0,0,0,0,0,0
2015-03-20 13:48:47,0,0,0,0,0,0
2015-03-20 13:48:48,0,0,0,0,0,0
2015-03-20 13:48:49,0,0,0,0,0,0
2015-03-20 13:48:50,0,0,0,0,0,0
2015-03-20 13:48:51,0,0,0,0,0,0
2015-03-20 13:48:52,0,0,0,0,0,0
2015-03-20 13:48:53,0,0,0,0,0,0
2015-03-20 13:48:54,0,0,0,0,0,0
2015-03-20 13:48:55,0,0,0,0,0,0
2015-03-20 13:48:56,0,0,0,0,0,0
2015-03-20 13:48:57,0,0,0,0,0,0
2015-03-20 13:48:58,0,0,0,0,0,0
2015-03-20 13:48:59,0,0,0,0,0,0
2015-03-20 13:49:00,0,0,0,0,0,0
2015-03-20 13:49:01,0,0,0,0,0,0
2015-03-20 13:49:02,0,0,0,0,0,0
2015-03-20 13:49:03,0,0,0,0,0,0
2015-03-20 13:49:04,0,0,0,0,0,0
2015-03-20 13:49:05,0,0,0,0,0,0
2015-03-20 13:49:06,0,0,0,0,0,0
2015-03-20 13:49:07,0,0,0,0,0,0
2015-03-20 13:49:08,0,0,0,0,0,0
2015-03-20 13:49:09,0,0,0,0,0,0
2015-03-20 13:49:10,0,0,0,0,0,0
2015-03-20 13:49:11,0,0,0,0,0,0
2015-03-20 13:49:12,0,0,0,0,0,0
2015-03-20 13:49:13,0,0,0,0,0,0
2015-03-20 13:49:14,0,0,0,0,0,0
2015-03-20 13:49:15,0,0,0,0,0,0
2015-03-20 13:49:16,0,0,2,0,0,0
2015-03-20 13:49:17,0,0,2,0,0,0
2015-03-20 13:49:18,0,0,3,0,0,0
2015-03-20 13:49:19,0,0,3,0,0,0
2015-03-20 13:49:20,0,0,3,0,0,0
2015-03-20 13:49:21,0,0,3,0,0,0
2015-03-20 13:49:22,0,0,3,0,0,0
2015-03-20 13:49:23,0,0,0,0,0,0
2015-03-20 13:49:24,0,0,0,0,0,0
2015-03-20 13:49:25,0,0,0,0,0,0
2015-03-20 13:49:26,0,0,0,0,0,0
2015-03-20 13:49:27,0,0,0,0,0,0
2015-03-20 13:49:28,0,0,0,0,0,0
2015-03-20 13:49:29,0,0,0,0,0,0
2015-03-20 13:49:30,0,0,0,0,0,0
2015-03-20 13:49:31,0,0,0,0,0,0
2015-03-20 13:49:32,0,0,0,0,0,0
2015-03-20 13:49:33,0,0,0,0,0,0
2015-03-20 13:49:34,0,0,0,0,0,0
2015-03-20 13:49:35,0,0,0,0,0,0
2015-03-20 13:49:36,0,0,0,0,0,0
2015-03-20 13:49:37,0,0,0,0,0,0
2015-03-20 13:49:38,0,0,0,0,0,0
2015-03-20 13:49:39,0,0,0,0,0,0
2015-03-20 13:49:40,0,0,0,0,0,0
2015-03-20 13:49:41,0,0,0,0,0,0
2015-03-20 13:49:42,0,0,0,0,0,0
2015-03-20 13:49:43,0,0,0,0,0,0
2015-03-20 13:49:44,0,0,0,0,0,0
2015-03-20 13:49:45,0,0,0,2,0,0
2015-03-20 13:49:46,0,0,0,2,0,0
2015-03-20 13:49:47,0,0,0,2,0,2
2015-03-20 13:49:48,0,0,2,1,0,1
2015-03-20 13:49:49,0,0,2,1,0,1
2015-03-20 13:49:50,0,0,2,2,0,1
2015-03-20 13:49:51,0,3,1,2,0,1
2015-03-20 13:49:52,0,3,1,2,0,1
2015-03-20 13:49:53,0,3,1,0,0,3
2015-03-20 13:49:54,0,3,3,0,0,3
2015-03-20 13:49:55,0,3,1,0,0,3
2015-03-20 13:49:56,0,3,3,0,0,3
2015-03-20 13:49:57,0,0,3,0,0,3
2015-03-20 13:49:58,0,0,3,0,0,2
2015-03-20 13:49:59,0,0,3,0,0,2
2015-03-20 13:50:00,0,0,3,2,0,0
2015-03-20 13:50:01,0,0,4,1,0,0
2015-03-20 13:50:02,0,0,4,1,0,0
2015-03-20 13:50:03,0,0,4,1,0,2
2015-03-20 13:50:04,0,0,4,1,0,2
2015-03-20 13:50:05,0,0,4,1,0,1
2015-03-20 13:50:06,0,0,3,1,0,1
2015-03-20 13:50:07,0,0,4,1,0,1
2015-03-20 13:50:08,0,0,3,2,0,1
2015-03-20 13:50:09,0,0,2,2,0,1
2015-03-20 13:50:10,0,0,2,0,0,1
2015-03-20 13:50:11,0,0,2,0,0,1
2015-03-20 13:50:12,0,0,2,0,0,2
2015-03-20 13:50:13,0,0,2,0,0,2
2015-03-20 13:50:14,0,0,2,0,0,0
2015-03-20 13:50:15,0,0,2,0,0,0
2015-03-20 13:50:16,0,0,2,0,0,0
2015-03-20 13:50:17,0,0,0,0,0,0
2015-03-20 13:50:18,0,0,0,0,0,0
2015-03-20 13:50:19,0,0,0,0,0,0
2015-03-20 13:50:20,0,0,0,0,0,0
2015-03-20 13:50:21,0,0,0,0,0,0
2015-03-20 13:50:22,0,0,0,0,0,0
2015-03-20 13:50:23,0,0,2,4,0,4
2015-03-20 13:50:24,0,0,4,3,0,4
2015-03-20 13:50:25,0,0,7,3,0,3
2015-03-20 13:50:26,2,8,8,1,0,3
2015-03-20 13:50:27,2,3,8,8,0,8
2015-03-20 13:50:28,2,3,8,8,0,8
2015-03-20 13:50:29,2,8,8,8,0,8
2015-03-20 13:50:30,2,8,8,8,0,8
2015-03-20 13:50:31,0,8,8,1,0,8
2015-03-20 13:50:32,0,8,8,3,0,8
2015-03-20 13:50:33,0,1,8,3,0,8
2015-03-20 13:50:34,0,1,8,4,0,8
2015-03-20 13:50:35,0,3,8,0,0,8
2015-03-20 13:50:36,0,3,8,0,0,8
2015-03-20 13:50:37,0,2,8,0,0,8
2015-03-20 13:50:38,0,2,8,0,0,1
2015-03-20 13:50:39,0,6,8,0,0,3
2015-03-20 13:50:40,0,7,8,0,0,3
2015-03-20 13:50:41,0,7,8,0,0,3
2015-03-20 13:50:42,0,7,8,0,0,1
2015-03-20 13:50:43,0,8,8,2,0,8
2015-03-20 13:50:44,0,3,8,2,0,8
2015-03-20 13:50:45,0,3,8,2,0,8
2015-03-20 13:50:46,0,3,3,2,0,8
2015-03-20 13:50:47,3,1,3,2,0,1
2015-03-20 13:50:48,3,2,3,0,0,3
2015-03-20 13:50:49,3,2,2,0,0,3
2015-03-20 13:50:50,3,2,2,0,0,2
2015-03-20 13:50:51,3,2,2,0,0,2
2015-03-20 13:50:52,3,0,2,0,2,2
2015-03-20 13:50:53,4,0,2,0,2,2
2015-03-20 13:50:54,0,0,2,0,2,2
2015-03-20 13:50:55,0,0,2,0,2,2
2015-03-20 13:50:56,0,0,7,0,2,2
2015-03-20 13:50:57,0,0,4,0,0,2
2015-03-20 13:50:58,0,0,7,0,0,2
2015-03-20 13:50:59,0,0,7,0,0,2
2015-03-20 13:51:00,0,0,7,0,0,2
2015-03-20 13:51:01,0,0,4,0,0,2
2015-03-20 13:51:02,0,0,4,0,0,2
2015-03-20 13:51:03,0,0,4,0,0,2
2015-03-20 13:51:04,0,0,4,0,0,2
2015-03-20 13:51:05,0,0,4,0,0,2
2015-03-20 13:51:06,0,0,4,0,0,2
2015-03-20 13:51:07,0,0,4,0,0,2
2015-03-20 13:51:08,0,2,4,0,0,2
2015-03-20 13:51:09,0,2,4,0,0,0
2015-03-20 13:51:10,0,2,4,0,0,0
2015-03-20 13:51:11,0,2,4,0,0,0
2015-03-20 13:51:12,0,2,4,0,0,0
2015-03-20 13:51:13,0,2,4,0,0,2
2015-03-20 13:51:14,0,2,4,0,0,2
2015-03-20 13:51:15,0,2,3,0,0,2
2015-03-20 13:51:16,0,0,3,0,0,2
2015-03-20 13:51:17,0,0,3,0,0,2
2015-03-20 13:51:18,0,0,3,0,0,2
2015-03-20 13:51:19,0,0,3,0,0,2
2015-03-20 13:51:20,0,0,3,0,0,2
2015-03-20 13:51:21,0,0,3,0,0,7
2015-03-20 13:51:22,0,0,3,0,0,2
2015-03-20 13:51:23,0,0,3,0,0,2
2015-03-20 13:51:24,0,0,3,0,0,2
2015-03-20 13:51:25,0,0,3,0,0,2
2015-03-20 13:51:26,0,0,2,0,0,2
2015-03-20 13:51:27,0,0,0,0,0,2
2015-03-20 13:51:28,0,0,0,0,0,0
2015-03-20 13:51:29,0,0,0,0,0,0
2015-03-20 13:51:30,0,0,0,0,0,0
2015-03-20 13:51:31,0,0,0,0,0,2
2015-03-20 13:51:32,0,0,2,0,0,2
2015-03-20 13:51:33,0,0,2,0,0,2
2015-03-20 13:51:34,0,0,2,0,0,2
2015-03-20 13:51:35,0,0,2,0,0,2
2015-03-20 13:51:36,0,0,2,0,0,0
2015-03-20 13:51:37,0,0,2,0,0,0
2015-03-20 13:51:38,0,0,2,0,0,0
2015-03-20 13:51:39,0,0,2,0,0,0
2015-03-20 13:51:40,0,0,2,0,0,0
2015-03-20 13:51:41,0,0,2,0,0,0
2015-03-20 13:51:42,0,0,0,0,0,0
2015-03-20 13:51:43,0,0,0,0,0,2
2015-03-20 13:51:44,0,0,0,0,0,0
2015-03-20 13:51:45,0,0,0,0,0,0
2015-03-20 13:51:46,0,0,0,0,0,0
2015-03-20 13:51:47,0,0,0,0,0,0
2015-03-20 13:51:48,0,0,0,0,0,0
2015-03-20 13:51:49,0,0,0,0,0,0
2015-03-20 13:51:50,0,0,0,0,0,0
2015-03-20 13:51:51,0,0,0,0,0,0
2015-03-20 13:51:52,0,0,0,0,0,0
2015-03-20 13:51:53,0,0,1,0,0,2
2015-03-20 13:51:54,0,0,2,0,0,2
2015-03-20 13:51:55,0,0,2,0,0,2
2015-03-20 13:51:56,0,0,2,0,0,2
2015-03-20 13:51:57,0,0,2,0,0,2
2015-03-20 13:51:58,0,0,2,0,0,0
2015-03-20 13:51:59,0,0,3,0,0,0
2015-03-20 13:52:00,0,0,1,0,0,2
2015-03-20 13:52:01,0,0,1,0,0,2
2015-03-20 13:52:02,0,0,2,0,0,2
2015-03-20 13:52:03,0,0,2,0,0,2
2015-03-20 13:52:04,0,0,2,0,0,2
2015-03-20 13:52:05,0,0,2,0,0,2
2015-03-20 13:52:06,0,0,2,0,0,2
2015-03-20 13:52:07,0,0,2,0,0,2
2015-03-20 13:52:08,0,0,2,0,0,2
2015-03-20 13:52:09,0,0,2,0,0,5
2015-03-20 13:52:10,0,0,2,0,0,5
2015-03-20 13:52:11,0,0,2,0,0,5
2015-03-20 13:52:12,0,0,2,0,0,5
2015-03-20 13:52:13,0,0,2,0,0,5
2015-03-20 13:52:14,0,0,2,0,0,5
2015-03-20 13:52:15,0,0,2,0,0,0
2015-03-20 13:52:16,0,0,2,0,0,0
2015-03-20 13:52:17,0,0,2,0,0,0
2015-03-20 13:52:18,0,0,2,0,0,0
2015-03-20 13:52:19,0,0,2,0,0,0
2015-03-20 13:52:20,0,0,2,0,0,0
2015-03-20 13:52:21,0,0,2,0,0,2
2015-03-20 13:52:22,0,0,2,0,0,2
2015-03-20 13:52:23,0,0,2,0,0,2
2015-03-20 13:52:24,0,0,2,0,0,2
2015-03-20 13:52:25,0,0,2,0,0,2
2015-03-20 13:52:26,0,0,2,0,0,0
2015-03-20 13:52:27,0,0,2,0,0,0
2015-03-20 13:52:28,0,0,2,0,0,0
2015-03-20 13:52:29,0,0,2,0,0,0
2015-03-20 13:52:30,0,0,8,0,0,0
2015-03-20 13:52:31,0,0,8,0,0,0
2015-03-20 13:52:32,0,0,8,0,0,0
2015-03-20 13:52:33,0,0,4,0,0,0
2015-03-20 13:52:34,0,0,4,0,0,0
2015-03-20 13:52:35,0,0,4,0,0,0
2015-03-20 13:52:36,0,0,4,0,0,0
2015-03-20 13:52:37,0,0,4,0,0,0
2015-03-20 13:52:38,0,0,4,0,0,0
2015-03-20 13:52:39,0,0,4,0,0,0
2015-03-20 13:52:40,0,0,2,0,0,0
2015-03-20 13:52:41,0,0,2,0,0,0
2015-03-20 13:52:42,0,0,2,0,0,0
2015-03-20 13:52:43,0,0,2,0,0,0
2015-03-20 13:52:44,0,0,2,0,0,0
2015-03-20 13:52:45,0,0,2,0,0,0
2015-03-20 13:52:46,0,0,2,0,0,0
2015-03-20 13:52:47,0,0,2,0,0,0
2015-03-20 13:52:48,0,0,2,0,0,0
2015-03-20 13:52:49,0,0,2,0,0,0
2015-03-20 13:52:50,0,0,2,0,0,0
2015-03-20 13:52:51,0,0,2,0,0,2
2015-03-20 13:52:52,0,0,2,0,0,2
2015-03-20 13:52:53,0,0,0,0,0,2
2015-03-20 13:52:54,0,0,0,0,0,2
2015-03-20 13:52:55,0,0,0,0,0,2
2015-03-20 13:52:56,0,0,0,0,0,0
2015-03-20 13:52:57,0,0,0,0,0,0
2015-03-20 13:52:58,0,0,0,0,0,0
2015-03-20 13:52:59,0,0,0,0,0,0
2015-03-20 13:53:00,0,0,0,0,0,0
2015-03-20 13:53:01,0,0,0,0,0,0
2015-03-20 13:53:02,0,0,0,0,0,0
2015-03-20 13:53:03,0,0,0,0,0,0
2015-03-20 13:53:04,0,0,0,0,0,0
2015-03-20 13:53:05,0,0,0,0,0,0
2015-03-20 13:53:06,0,0,0,0,0,0
2015-03-20 13:53:07,0,0,0,0,0,0
2015-03-20 13:53:08,0,0,0,0,0,0
2015-03-20 13:53:09,0,0,0,0,0,0
2015-03-20 13:53:10,0,0,0,0,0,0
2015-03-20 13:53:11,0,0,0,0,0,0
2015-03-20 13:53:12,0,0,0,0,0,0
2015-03-20 13:53:13,0,0,0,0,0,0
2015-03-20 13:53:14,0,0,0,0,0,0
2015-03-20 13:53:15,0,0,0,0,0,0
2015-03-20 13:53:16,0,0,0,0,0,0
2015-03-20 13:53:17,0,0,0,0,0,0
2015-03-20 13:53:18,0,0,0,0,0,0
2015-03-20 13:53:19,0,0,0,0,0,0
2015-03-20 13:53:20,0,0,0,0,0,0
2015-03-20 13:53:21,0,0,0,0,0,0
2015-03-20 13:53:22,0,0,0,0,0,0
2015-03-20 13:53:23,0,0,0,0,0,0
2015-03-20 13:53:24,0,0,0,0,0,0
2015-03-20 13:53:25,0,0,0,0,0,2
2015-03-20 13:53:26,0,0,0,0,0,2
2015-03-20 13:53:27,0,0,0,0,0,2
2015-03-20 13:53:28,0,0,0,0,0,2
2015-03-20 13:53:29,0,0,2,0,0,2
2015-03-20 13:53:30,0,0,2,0,0,0
2015-03-20 13:53:31,0,0,2,0,0,0
2015-03-20 13:53:32,0,0,8,0,0,0
2015-03-20 13:53:33,0,2,8,0,0,0
2015-03-20 13:53:34,0,2,8,0,0,2
2015-03-20 13:53:35,0,2,8,0,0,2
2015-03-20 13:53:36,0,2,8,0,0,2
2015-03-20 13:53:37,0,2,4,0,0,2
2015-03-20 13:53:38,0,0,4,0,0,2
2015-03-20 13:53:39,0,0,4,0,0,0
2015-03-20 13:53:40,0,0,4,0,0,0
2015-03-20 13:53:41,0,0,4,0,0,0
2015-03-20 13:53:42,0,0,4,0,0,0
2015-03-20 13:53:43,0,0,4,0,0,0
2015-03-20 13:53:44,0,0,3,0,0,2
2015-03-20 13:53:45,0,0,3,0,0,2
2015-03-20 13:53:46,0,0,2,0,2,2
2015-03-20 13:53:47,0,0,2,0,2,2
2015-03-20 13:53:48,0,0,2,0,2,2
2015-03-20 13:53:49,0,0,2,0,2,0
2015-03-20 13:53:50,0,0,2,0,2,0
2015-03-20 13:53:51,0,0,2,0,0,0
2015-03-20 13:53:52,0,0,2,0,0,0
2015-03-20 13:53:53,0,0,2,0,0,0
2015-03-20 13:53:54,0,0,2,0,0,0
2015-03-20 13:53:55,0,0,2,0,0,0
2015-03-20 13:53:56,0,0,2,0,0,0
2015-03-20 13:53:57,0,0,2,0,0,0
2015-03-20 13:53:58,0,0,2,0,0,0
2015-03-20 13:53:59,0,0,2,0,0,0
2015-03-20 13:54:00,0,0,8,0,0,0
2015-03-20 13:54:01,0,0,7,0,0,0
2015-03-20 13:54:02,0,0,8,0,0,6
2015-03-20 13:54:03,0,0,8,0,0,5
2015-03-20 13:54:04,0,0,8,0,0,5
2015-03-20 13:54:05,0,0,7,0,0,5
2015-03-20 13:54:06,0,0,7,0,0,5
2015-03-20 13:54:07,0,0,4,0,0,5
2015-03-20 13:54:08,0,0,0,0,0,0
2015-03-20 13:54:09,0,0,0,0,0,0
2015-03-20 13:54:10,0,0,0,0,0,0
2015-03-20 13:54:11,0,0,0,0,0,0
2015-03-20 13:54:12,0,0,0,0,0,0
2015-03-20 13:54:13,0,0,0,0,0,0
2015-03-20 13:54:14,0,0,0,0,0,0
2015-03-20 13:54:15,0,0,2,0,0,0
2015-03-20 13:54:16,0,0,2,0,0,0
2015-03-20 13:54:17,0,0,5,0,0,0
2015-03-20 13:54:18,0,0,2,0,0,0
2015-03-20 13:54:19,0,2,5,0,0,2
2015-03-20 13:54:20,0,2,2,0,0,2
2015-03-20 13:54:21,0,2,3,0,0,2
2015-03-20 13:54:22,0,8,3,0,0,2
2015-03-20 13:54:23,0,8,3,0,0,2
2015-03-20 13:54:24,0,8,3,0,0,2
2015-03-20 13:54:25,0,8,3,0,0,6
2015-03-20 13:54:26,0,1,2,0,0,6
2015-03-20 13:54:27,0,1,2,0,0,6
2015-03-20 13:54:28,0,1,2,0,0,6
2015-03-20 13:54:29,0,1,2,0,0,6
2015-03-20 13:54:30,0,1,2,0,0,0
2015-03-20 13:54:31,0,2,2,0,0,0
2015-03-20 13:54:32,0,2,2,0,0,1
2015-03-20 13:54:33,0,2,2,0,0,1
2015-03-20 13:54:34,0,2,2,0,0,1
2015-03-20 13:54:35,0,0,1,0,2,2
2015-03-20 13:54:36,0,0,5,0,2,2
2015-03-20 13:54:37,0,0,3,0,2,2
2015-03-20 13:54:38,0,0,4,0,2,2
2015-03-20 13:54:39,0,0,4,0,2,2
2015-03-20 13:54:40,0,0,7,0,0,2
2015-03-20 13:54:41,0,0,7,0,0,2
2015-03-20 13:54:42,0,0,7,0,0,2
2015-03-20 13:54:43,0,0,4,0,0,2
2015-03-20 13:54:44,0,0,7,0,0,2
2015-03-20 13:54:45,0,0,2,0,0,2
2015-03-20 13:54:46,0,0,0,0,0,2
2015-03-20 13:54:47,0,0,0,0,0,2
2015-03-20 13:54:48,0,0,0,0,0,2
2015-03-20 13:54:49,0,0,0,0,0,2
2015-03-20 13:54:50,0,2,0,0,0,2
2015-03-20 13:54:51,0,2,0,0,0,2
2015-03-20 13:54:52,0,2,0,0,0,2
2015-03-20 13:54:53,0,2,0,0,0,2
2015-03-20 13:54:54,0,2,0,0,0,2
2015-03-20 13:54:55,0,2,2,0,0,2
2015-03-20 13:54:56,0,2,3,0,0,2
2015-03-20 13:54:57,0,2,1,0,0,2
2015-03-20 13:54:58,0,2,1,0,0,2
2015-03-20 13:54:59,0,2,1,0,0,2
2015-03-20 13:55:00,0,2,1,0,0,2
2015-03-20 13:55:01,0,2,2,0,0,2
2015-03-20 13:55:02,0,2,2,0,2,3
2015-03-20 13:55:03,0,0,1,0,7,3
2015-03-20 13:55:04,0,0,1,0,7,3
2015-03-20 13:55:05,0,0,3,0,7,3
2015-03-20 13:55:06,0,0,3,0,7,3
2015-03-20 13:55:07,0,0,3,0,7,3
2015-03-20 13:55:08,0,0,4,0,4,3
2015-03-20 13:55:09,0,0,4,0,4,3
2015-03-20 13:55:10,0,0,4,0,7,3
2015-03-20 13:55:11,0,0,4,0,7,3
2015-03-20 13:55:12,0,2,2,0,3,3
2015-03-20 13:55:13,0,2,2,0,7,3
2015-03-20 13:55:14,0,2,2,0,7,3
2015-03-20 13:55:15,0,2,2,0,7,2
2015-03-20 13:55:16,0,2,2,0,7,2
2015-03-20 13:55:17,0,3,0,0,7,2
2015-03-20 13:55:18,0,3,0,0,7,2
2015-03-20 13:55:19,0,8,0,0,4,2
2015-03-20 13:55:20,0,5,0,0,4,2
2015-03-20 13:55:21,0,5,0,0,4,2
2015-03-20 13:55:22,0,7,0,0,4,2
2015-03-20 13:55:23,0,0,0,0,4,2
2015-03-20 13:55:24,0,0,0,0,4,2
2015-03-20 13:55:25,0,0,0,0,3,2
2015-03-20 13:55:26,0,0,0,0,2,5
2015-03-20 13:55:27,0,0,0,0,2,8
2015-03-20 13:55:28,0,0,0,0,2,8
2015-03-20 13:55:29,0,0,0,0,2,5
2015-03-20 13:55:30,0,0,0,0,0,7
2015-03-20 13:55:31,0,0,0,0,0,8
2015-03-20 13:55:32,2,0,2,0,0,8
2015-03-20 13:55:33,2,0,4,0,0,8
2015-03-20 13:55:34,2,0,4,0,0,4
2015-03-20 13:55:35,2,0,4,0,0,4
2015-03-20 13:55:36,2,0,4,0,0,2
2015-03-20 13:55:37,2,0,4,0,0,2
2015-03-20 13:55:38,2,2,4,0,0,0
2015-03-20 13:55:39,2,2,0,0,0,0
2015-03-20 13:55:40,2,2,2,0,0,0
2015-03-20 13:55:41,2,3,2,0,0,0
2015-03-20 13:55:42,0,3,3,0,0,0
2015-03-20 13:55:43,0,2,3,0,0,0
2015-03-20 13:55:44,0,2,3,0,0,2
2015-03-20 13:55:45,0,2,3,0,0,2
2015-03-20 13:55:46,0,2,4,0,0,3
2015-03-20 13:55:47,0,2,2,0,0,3
2015-03-20 13:55:48,0,2,0,0,0,3
2015-03-20 13:55:49,0,4,0,0,0,2
2015-03-20 13:55:50,0,4,0,0,0,2
2015-03-20 13:55:51,0,4,0,0,0,2
2015-03-20 13:55:52,0,4,0,0,0,0
2015-03-20 13:55:53,0,4,0,0,0,0
2015-03-20 13:55:54,0,2,0,0,0,0
2015-03-20 13:55:55,0,2,0,0,0,0
2015-03-20 13:55:56,0,2,0,0,0,0
2015-03-20 13:55:57,0,2,0,0,0,0
2015-03-20 13:55:58,0,2,0,0,0,0
2015-03-20 13:55:59,0,2,0,0,0,0
2015-03-20 13:56:00,0,2,0,0,0,0
2015-03-20 13:56:01,0,2,0,0,0,0
2015-03-20 13:56:02,0,2,4,0,0,0
2015-03-20 13:56:03,0,2,4,0,0,0
2015-03-20 13:56:04,0,2,4,0,0,0
2015-03-20 13:56:05,0,2,4,0,0,0
2015-03-20 13:56:06,0,2,4,0,0,0
2015-03-20 13:56:07,0,2,0,0,0,0
2015-03-20 13:56:08,0,2,0,0,0,0
2015-03-20 13:56:09,0,0,0,0,0,0
2015-03-20 13:56:10,0,0,0,0,0,0
2015-03-20 13:56:11,0,0,0,0,0,0
2015-03-20 13:56:12,0,0,0,0,6,0
2015-03-20 13:56:13,0,0,0,0,6,0
2015-03-20 13:56:14,0,0,0,0,6,0
2015-03-20 13:56:15,0,0,0,0,6,0
2015-03-20 13:56:16,0,0,0,0,8,0
2015-03-20 13:56:17,0,0,0,0,8,0
2015-03-20 13:56:18,0,0,0,0,8,0
2015-03-20 13:56:19,0,0,0,0,8,0
2015-03-20 13:56:20,0,0,0,0,8,0
2015-03-20 13:56:21,0,0,0,0,8,0
2015-03-20 13:56:22,0,0,0,0,8,0
2015-03-20 13:56:23,0,0,0,0,8,0
2015-03-20 13:56:24,0,0,0,0,8,0
2015-03-20 13:56:25,0,0,0,0,8,0
2015-03-20 13:56:26,0,0,0,0,4,0
2015-03-20 13:56:27,0,0,0,0,7,2
2015-03-20 13:56:28,0,0,0,0,7,2
2015-03-20 13:56:29,0,0,0,0,4,2
2015-03-20 13:56:30,0,0,0,0,4,2
2015-03-20 13:56:31,0,0,0,0,0,2
2015-03-20 13:56:32,0,0,0,0,0,2
2015-03-20 13:56:33,0,0,0,0,0,0
2015-03-20 13:56:34,0,0,0,0,0,0
2015-03-20 13:56:35,0,0,0,0,0,0
2015-03-20 13:56:36,0,0,0,0,0,0
2015-03-20 13:56:37,0,0,0,0,0,0
2015-03-20 13:56:38,0,0,0,0,0,0
2015-03-20 13:56:39,0,0,0,0,0,0
2015-03-20 13:56:40,0,0,0,0,0,0
2015-03-20 13:56:41,0,0,0,0,0,0
2015-03-20 13:56:42,0,0,0,0,0,0
2015-03-20 13:56:43,0,2,0,0,0,0
2015-03-20 13:56:44,0,2,0,0,0,0
2015-03-20 13:56:45,0,2,0,0,0,2
2015-03-20 13:56:46,0,2,0,0,0,2
2015-03-20 13:56:47,0,2,0,0,0,2
2015-03-20 13:56:48,0,2,0,0,0,2
2015-03-20 13:56:49,0,0,0,0,0,2
2015-03-20 13:56:50,0,0,0,0,0,2
2015-03-20 13:56:51,0,0,0,0,0,2
2015-03-20 13:56:52,0,0,0,0,0,0
2015-03-20 13:56:53,0,2,0,0,0,0
2015-03-20 13:56:54,0,2,0,0,0,0
2015-03-20 13:56:55,0,1,0,0,0,0
2015-03-20 13:56:56,0,1,0,0,0,0
2015-03-20 13:56:57,0,1,0,0,0,0
2015-03-20 13:56:58,0,1,0,0,0,0
2015-03-20 13:56:59,0,1,0,0,0,0
2015-03-20 13:57:00,0,2,0,0,0,0
2015-03-20 13:57:01,0,2,0,0,0,0
2015-03-20 13:57:02,0,2,0,0,0,0
2015-03-20 13:57:03,0,2,0,0,0,0
2015-03-20 13:57:04,0,2,0,0,0,0
2015-03-20 13:57:05,0,2,0,0,0,0
2015-03-20 13:57:06,0,0,0,0,0,0
2015-03-20 13:57:07,0,2,0,0,0,0
2015-03-20 13:57:08,0,2,0,0,0,0
2015-03-20 13:57:09,0,2,0,0,0,0
2015-03-20 13:57:10,0,1,0,0,0,0
2015-03-20 13:57:11,0,1,0,0,0,0
2015-03-20 13:57:12,0,1,0,0,0,2
2015-03-20 13:57:13,0,1,0,0,0,2
2015-03-20 13:57:14,0,3,0,0,0,2
2015-03-20 13:57:15,0,2,0,0,0,2
2015-03-20 13:57:16,0,2,0,0,0,2
2015-03-20 13:57:17,2,2,0,0,0,2
2015-03-20 13:57:18,2,2,0,0,0,3
2015-03-20 13:57:19,2,2,0,0,0,1
2015-03-20 13:57:20,2,2,0,0,0,1
2015-03-20 13:57:21,2,2,0,0,0,1
2015-03-20 13:57:22,2,2,0,0,0,2
2015-03-20 13:57:23,0,8,0,0,0,2
2015-03-20 13:57:24,0,5,0,0,0,2
2015-03-20 13:57:25,0,5,0,0,0,2
2015-03-20 13:57:26,0,5,0,0,0,2
2015-03-20 13:57:27,0,8,0,0,0,2
2015-03-20 13:57:28,0,8,0,0,0,0
2015-03-20 13:57:29,0,5,0,0,0,0
2015-03-20 13:57:30,0,5,0,0,0,5
2015-03-20 13:57:31,0,5,0,0,0,5
2015-03-20 13:57:32,0,5,0,0,0,5
2015-03-20 13:57:33,0,0,0,0,0,5
2015-03-20 13:57:34,0,0,0,0,0,5
2015-03-20 13:57:35,0,0,0,0,2,5
2015-03-20 13:57:36,0,0,0,0,2,5
2015-03-20 13:57:37,0,0,0,0,2,5
2015-03-20 13:57:38,0,0,0,0,2,5
2015-03-20 13:57:39,0,0,0,0,8,2
2015-03-20 13:57:40,0,0,0,0,4,2
2015-03-20 13:57:41,0,0,0,0,4,2
2015-03-20 13:57:42,0,0,0,0,2,4
2015-03-20 13:57:43,0,0,0,0,4,4
2015-03-20 13:57:44,0,0,0,0,8,4
2015-03-20 13:57:45,0,0,0,0,8,4
2015-03-20 13:57:46,0,0,0,0,8,4
2015-03-20 13:57:47,0,0,0,0,4,3
2015-03-20 13:57:48,0,0,0,0,4,0
2015-03-20 13:57:49,0,0,0,0,4,0
2015-03-20 13:57:50,0,0,0,0,4,0
2015-03-20 13:57:51,0,0,0,0,4,0
2015-03-20 13:57:52,0,0,0,0,4,0
2015-03-20 13:57:53,0,0,0,0,8,0
2015-03-20 13:57:54,0,0,0,0,5,0
2015-03-20 13:57:55,0,0,0,0,5,0
2015-03-20 13:57:56,0,0,0,0,5,0
2015-03-20 13:57:57,0,0,0,0,5,0
2015-03-20 13:57:58,0,0,0,0,5,0
2015-03-20 13:57:59,0,0,0,0,5,0
2015-03-20 13:58:00,0,0,0,0,5,0
2015-03-20 13:58:01,0,0,0,0,2,0
2015-03-20 13:58:02,0,2,0,0,2,0
2015-03-20 13:58:03,0,2,0,0,0,0
2015-03-20 13:58:04,0,2,0,0,0,0
2015-03-20 13:58:05,0,2,0,0,0,2
2015-03-20 13:58:06,0,2,0,0,0,6
2015-03-20 13:58:07,0,0,0,0,0,8
2015-03-20 13:58:08,0,0,0,0,0,8
2015-03-20 13:58:09,0,0,0,0,0,8
2015-03-20 13:58:10,0,0,0,0,0,8
2015-03-20 13:58:11,0,0,0,0,0,2
2015-03-20 13:58:12,0,0,0,0,0,8
2015-03-20 13:58:13,0,0,0,0,0,5
2015-03-20 13:58:14,0,0,0,0,0,7
2015-03-20 13:58:15,0,0,0,0,0,7
2015-03-20 13:58:16,0,0,0,0,0,7
2015-03-20 13:58:17,0,0,0,0,4,7
2015-03-20 13:58:18,0,0,0,0,6,5
2015-03-20 13:58:19,0,0,0,0,6,5
2015-03-20 13:58:20,0,0,0,0,6,0
2015-03-20 13:58:21,0,0,0,0,6,0
2015-03-20 13:58:22,0,0,0,0,8,0
2015-03-20 13:58:23,0,0,0,0,0,0
2015-03-20 13:58:24,0,0,0,0,0,0
2015-03-20 13:58:25,0,0,0,0,0,0
2015-03-20 13:58:26,0,0,0,0,0,0
2015-03-20 13:58:27,0,0,0,0,0,0
2015-03-20 13:58:28,0,0,0,0,0,0
2015-03-20 13:58:29,0,0,0,0,0,0
2015-03-20 13:58:30,0,0,0,0,0,0
2015-03-20 13:58:31,0,0,0,0,0,0
2015-03-20 13:58:32,0,0,0,0,7,0
2015-03-20 13:58:33,0,0,0,0,7,0
2015-03-20 13:58:34,0,0,0,0,4,0
2015-03-20 13:58:35,0,0,0,0,4,0
2015-03-20 13:58:36,0,0,0,0,4,0
2015-03-20 13:58:37,0,0,0,0,7,0
2015-03-20 13:58:38,0,0,0,0,7,0
2015-03-20 13:58:39,0,0,0,0,7,0
2015-03-20 13:58:40,0,0,0,0,7,0
2015-03-20 13:58:41,0,0,0,0,7,0
2015-03-20 13:58:42,0,0,0,0,7,0
2015-03-20 13:58:43,0,0,0,0,7,7
2015-03-20 13:58:44,0,0,0,0,7,6
2015-03-20 13:58:45,0,0,0,0,4,8
2015-03-20 13:58:46,0,0,0,0,4,8
2015-03-20 13:58:47,0,0,0,0,4,8
2015-03-20 13:58:48,0,0,0,0,3,2
2015-03-20 13:58:49,0,0,0,0,2,2
2015-03-20 13:58:50,0,0,0,0,0,2
2015-03-20 13:58:51,0,0,0,0,0,2
2015-03-20 13:58:52,0,0,0,0,0,2
2015-03-20 13:58:53,0,0,0,0,0,2
2015-03-20 13:58:54,0,0,2,0,0,2
2015-03-20 13:58:55,0,0,2,0,0,2
2015-03-20 13:58:56,0,0,2,0,0,2
2015-03-20 13:58:57,0,2,2,0,0,2
2015-03-20 13:58:58,0,2,2,0,0,2
2015-03-20 13:58:59,0,2,2,0,0,2
2015-03-20 13:59:00,0,2,2,0,0,2
2015-03-20 13:59:01,0,2,2,0,0,2
2015-03-20 13:59:02,0,2,2,0,0,2
2015-03-20 13:59:03,0,2,0,0,0,2
2015-03-20 13:59:04,0,2,0,0,0,1
2015-03-20 13:59:05,0,1,0,0,0,2
2015-03-20 13:59:06,0,1,0,0,0,2
2015-03-20 13:59:07,0,1,0,0,0,2
2015-03-20 13:59:08,0,3,0,0,0,2
2015-03-20 13:59:09,0,3,2,0,0,2
2015-03-20 13:59:10,0,3,2,0,0,6
2015-03-20 13:59:11,0,3,2,0,0,0
2015-03-20 13:59:12,0,2,4,0,2,2
2015-03-20 13:59:13,3,2,4,0,2,2
2015-03-20 13:59:14,4,2,4,0,2,2
2015-03-20 13:59:15,4,2,4,0,4,2
2015-03-20 13:59:16,4,2,4,0,4,3
2015-03-20 13:59:17,4,2,0,0,4,3
2015-03-20 13:59:18,4,2,0,0,4,3
2015-03-20 13:59:19,4,2,0,0,4,4
2015-03-20 13:59:20,2,2,0,0,4,4
2015-03-20 13:59:21,2,2,0,0,4,3
2015-03-20 13:59:22,2,2,0,0,4,2
2015-03-20 13:59:23,2,2,4,0,4,0
2015-03-20 13:59:24,0,0,4,0,0,0
2015-03-20 13:59:25,0,0,4,0,0,0
2015-03-20 13:59:26,0,0,4,0,0,0
2015-03-20 13:59:27,0,0,4,0,0,0
2015-03-20 13:59:28,0,0,5,0,0,0
2015-03-20 13:59:29,0,0,3,0,0,0
2015-03-20 13:59:30,0,0,4,0,0,0
2015-03-20 13:59:31,0,2,3,0,0,0
2015-03-20 13:59:32,0,2,3,0,0,0
2015-03-20 13:59:33,0,2,3,0,0,0
2015-03-20 13:59:34,0,2,3,0,7,0
2015-03-20 13:59:35,0,2,3,0,7,6
2015-03-20 13:59:36,0,0,3,0,7,6
2015-03-20 13:59:37,0,0,3,0,7,6
2015-03-20 13:59:38,0,0,3,0,4,6
2015-03-20 13:59:39,0,0,2,0,4,8
2015-03-20 13:59:40,0,0,0,0,3,8
2015-03-20 13:59:41,0,0,0,0,3,4
2015-03-20 13:59:42,0,0,0,0,3,4
2015-03-20 13:59:43,0,2,4,0,3,4
2015-03-20 13:59:44,0,6,3,0,4,4
2015-03-20 13:59:45,0,7,3,0,4,4
2015-03-20 13:59:46,0,7,4,0,4,8
2015-03-20 13:59:47,0,7,4,0,4,8
2015-03-20 13:59:48,0,7,4,0,4,8
2015-03-20 13:59:49,0,8,3,0,4,8
2015-03-20 13:59:50,0,0,3,0,4,8
2015-03-20 13:59:51,0,2,0,0,8,8
2015-03-20 13:59:52,0,2,0,0,8,8
2015-03-20 13:59:53,0,3,0,0,8,0
2015-03-20 13:59:54,0,3,0,0,2,0
2015-03-20 13:59:55,0,3,0,0,2,0
2015-03-20 13:59:56,0,2,0,0,0,0
2015-03-20 13:59:57,0,2,0,0,0,0
2015-03-20 13:59:58,0,2,0,0,0,0
2015-03-20 13:59:59,0,0,0,0,0,0
2015-03-20 14:00:00,0,0,0,0,0,0
2015-03-20 14:00:01,0,0,0,0,0,0
2015-03-20 14:00:02,0,0,0,0,0,0
2015-03-20 14:00:03,0,0,0,0,0,0
2015-03-20 14:00:04,0,0,0,0,0,0
2015-03-20 14:00:05,0,0,0,0,0,0
2015-03-20 14:00:06,0,0,0,0,0,0
2015-03-20 14:00:07,0,0,0,0,0,0
2015-03-20 14:00:08,0,0,0,0,0,0
2015-03-20 14:00:09,0,0,0,0,0,0
2015-03-20 14:00:10,0,0,0,0,0,0
2015-03-20 14:00:11,0,0,0,0,0,0
2015-03-20 14:00:12,0,0,0,0,0,0
2015-03-20 14:00:13,0,0,0,0,0,0
2015-03-20 14:00:14,0,0,0,0,0,0
2015-03-20 14:00:15,0,0,0,0,0,0
2015-03-20 14:00:16,0,0,0,0,0,0
2015-03-20 14:00:17,0,0,0,0,0,0
2015-03-20 14:00:18,0,0,0,0,0,0
2015-03-20 14:00:19,0,0,0,0,0,0
2015-03-20 14:00:20,0,0,0,0,0,0
2015-03-20 14:00:21,0,0,0,0,0,0
2015-03-20 14:00:22,0,0,0,0,0,0
2015-03-20 14:00:23,0,0,0,0,0,0
2015-03-20 14:00:24,0,0,0,0,0,0
2015-03-20 14:00:25,0,0,0,0,0,0
2015-03-20 14:00:26,0,0,0,0,0,0
2015-03-20 14:00:27,0,0,0,0,0,0
2015-03-20 14:00:28,0,0,0,0,0,0
2015-03-20 14:00:29,0,0,0,0,0,0
2015-03-20 14:00:30,0,0,0,0,0,0
2015-03-20 14:00:31,0,0,0,0,0,0
2015-03-20 14:00:32,0,0,0,0,0,0
2015-03-20 14:00:33,0,0,0,0,0,0
2015-03-20 14:00:34,0,0,0,0,0,0
2015-03-20 14:00:35,0,0,0,0,0,0
2015-03-20 14:00:36,0,0,0,0,0,0
2015-03-20 14:00:37,0,0,0,0,0,0
2015-03-20 14:00:38,0,0,0,0,0,0
2015-03-20 14:00:39,0,0,0,0,0,0
2015-03-20 14:00:40,0,0,0,0,0,0
2015-03-20 14:00:41,0,0,0,0,0,0
2015-03-20 14:00:42,0,0,0,0,0,0
2015-03-20 14:00:43,0,0,0,0,0,0
2015-03-20 14:00:44,0,0,0,0,0,0
2015-03-20 14:00:45,0,0,0,0,0,0
2015-03-20 14:00:46,0,0,0,0,0,0
2015-03-20 14:00:47,0,0,0,0,0,0
2015-03-20 14:00:48,0,0,0,0,0,0
2015-03-20 14:00:49,0,0,0,0,0,0
2015-03-20 14:00:50,0,0,0,0,0,0
2015-03-20 14:00:51,0,0,0,0,0,0
2015-03-20 14:00:52,0,0,0,0,0,0
2015-03-20 14:00:53,0,0,0,0,0,0
2015-03-20 14:00:54,0,0,0,0,0,0
2015-03-20 14:00:55,0,0,0,0,0,0
2015-03-20 14:00:56,0,0,0,0,0,0
2015-03-20 14:00:57,0,0,0,0,0,0
2015-03-20 14:00:58,0,0,0,0,0,0
2015-03-20 14:00:59,0,0,0,0,0,0
2015-03-20 14:01:00,0,0,0,0,0,0
2015-03-20 14:01:01,0,2,0,0,0,0
2015-03-20 14:01:02,0,2,0,0,0,0
2015-03-20 14:01:03,0,2,0,0,0,0
2015-03-20 14:01:04,0,2,0,0,0,0
2015-03-20 14:01:05,0,2,0,0,0,0
2015-03-20 14:01:06,0,0,0,0,0,0
2015-03-20 14:01:07,0,0,0,0,0,0
2015-03-20 14:01:08,0,0,0,0,0,0
2015-03-20 14:01:09,0,0,0,0,0,0
2015-03-20 14:01:10,0,0,0,0,0,0
2015-03-20 14:01:11,0,0,0,0,0,0
2015-03-20 14:01:12,0,0,0,0,0,0
2015-03-20 14:01:13,0,0,0,0,0,0
2015-03-20 14:01:14,0,0,0,0,0,0
2015-03-20 14:01:15,0,0,0,0,0,0
2015-03-20 14:01:16,0,0,0,0,0,0
2015-03-20 14:01:17,0,0,0,0,0,0
2015-03-20 14:01:18,0,0,0,0,0,0
2015-03-20 14:01:19,0,0,0,0,0,0
2015-03-20 14:01:20,0,0,0,0,0,0
2015-03-20 14:01:21,0,0,0,0,0,0
2015-03-20 14:01:22,0,0,0,0,0,0
2015-03-20 14:01:23,0,0,0,0,0,0
2015-03-20 14:01:24,0,0,0,0,0,0
2015-03-20 14:01:25,0,0,0,0,0,0
2015-03-20 14:01:26,0,0,0,0,0,0
2015-03-20 14:01:27,0,0,0,0,0,0
2015-03-20 14:01:28,0,0,0,0,0,0
2015-03-20 14:01:29,0,0,0,0,0,0
2015-03-20 14:01:30,0,0,0,0,0,0
2015-03-20 14:01:31,0,0,0,0,0,0
2015-03-20 14:01:32,0,0,0,0,0,0
2015-03-20 14:01:33,0,0,0,0,0,0
2015-03-20 14:01:34,0,0,0,0,0,0
2015-03-20 14:01:35,0,0,0,0,0,0
2015-03-20 14:01:36,0,0,0,0,0,0
2015-03-20 14:01:37,0,0,0,0,0,0
2015-03-20 14:01:38,0,0,0,0,0,0
2015-03-20 14:01:39,0,0,0,0,0,0
2015-03-20 14:01:40,0,0,0,0,0,0
2015-03-20 14:01:41,0,0,0,0,0,0
2015-03-20 14:01:42,0,0,0,0,0,0
2015-03-20 14:01:43,0,0,0,0,0,0
2015-03-20 14:01:44,0,0,0,0,0,0
2015-03-20 14:01:45,0,0,0,0,0,0
2015-03-20 14:01:46,0,0,0,0,0,0
2015-03-20 14:01:47,0,0,0,0,0,0
2015-03-20 14:01:48,0,0,0,0,0,0
2015-03-20 14:01:49,0,0,0,0,0,0
2015-03-20 14:01:50,0,0,0,0,0,0
2015-03-20 14:01:51,0,0,0,0,0,0
2015-03-20 14:01:52,0,0,0,0,0,0
2015-03-20 14:01:53,0,0,0,0,0,0
2015-03-20 14:01:54,0,0,0,0,0,0
2015-03-20 14:01:55,0,0,0,0,0,0
2015-03-20 14:01:56,0,0,0,0,0,0
2015-03-20 14:01:57,0,0,0,0,0,0
2015-03-20 14:01:58,0,0,0,0,0,0
2015-03-20 14:01:59,0,0,0,0,0,0
2015-03-20 14:02:00,0,0,0,0,0,0
2015-03-20 14:02:01,0,0,0,0,0,0
2015-03-20 14:02:02,0,0,0,0,0,0
2015-03-20 14:02:03,0,0,0,0,0,0
2015-03-20 14:02:04,0,0,0,0,0,0
2015-03-20 14:02:05,0,0,0,0,0,0
2015-03-20 14:02:06,0,0,0,0,0,0
2015-03-20 14:02:07,0,0,0,0,0,0
2015-03-20 14:02:08,0,0,0,0,0,0
2015-03-20 14:02:09,0,0,0,0,0,0
2015-03-20 14:02:10,0,0,0,0,0,0
2015-03-20 14:02:11,0,0,0,0,0,0
2015-03-20 14:02:12,0,0,0,0,0,0
2015-03-20 14:02:13,0,0,0,0,0,0
2015-03-20 14:02:14,0,0,0,0,0,0
2015-03-20 14:02:15,0,0,0,0,0,0
2015-03-20 14:02:16,0,0,0,0,0,0
2015-03-20 14:02:17,0,0,0,0,0,0
2015-03-20 14:02:18,0,0,0,0,0,0
2015-03-20 14:02:19,0,0,0,0,0,0
2015-03-20 14:02:20,0,0,0,0,0,0
2015-03-20 14:02:21,0,0,0,0,2,0
2015-03-20 14:02:22,0,0,0,0,2,0
2015-03-20 14:02:23,0,0,0,0,2,0
2015-03-20 14:02:24,0,0,0,0,2,0
2015-03-20 14:02:25,0,0,0,0,2,0
2015-03-20 14:02:26,0,0,0,0,0,0
2015-03-20 14:02:27,0,0,0,0,0,0
2015-03-20 14:02:28,0,0,0,0,0,0
2015-03-20 14:02:29,0,0,0,0,0,0
2015-03-20 14:02:30,0,0,0,0,0,0
2015-03-20 14:02:31,0,0,0,0,0,0
2015-03-20 14:02:32,0,0,0,0,0,0
2015-03-20 14:02:33,0,0,0,0,0,0
2015-03-20 14:02:34,0,0,0,0,0,0
2015-03-20 14:02:35,0,0,0,0,0,0
2015-03-20 14:02:36,0,0,0,0,0,0
2015-03-20 14:02:37,0,0,0,0,0,0
2015-03-20 14:02:38,0,0,0,0,0,0
2015-03-20 14:02:39,0,0,0,0,0,0
2015-03-20 14:02:40,0,0,0,0,0,0
2015-03-20 14:02:41,0,0,0,0,0,0
2015-03-20 14:02:42,0,0,0,0,0,0
2015-03-20 14:02:43,0,0,0,0,0,0
2015-03-20 14:02:44,0,0,0,0,0,0
2015-03-20 14:02:45,0,0,0,0,0,0
2015-03-20 14:02:46,0,0,0,0,0,0
2015-03-20 14:02:47,0,0,0,0,0,0
2015-03-20 14:02:48,0,0,0,0,0,0
2015-03-20 14:02:49,0,0,0,0,0,0
2015-03-20 14:02:50,0,0,0,0,0,0
2015-03-20 14:02:51,0,0,0,0,0,0
2015-03-20 14:02:52,6,0,0,2,2,2
2015-03-20 14:02:53,7,0,0,5,7,7
2015-03-20 14:02:54,7,0,0,5,7,7
2015-03-20 14:02:55,7,0,0,5,7,7
2015-03-20 14:02:56,7,0,0,5,7,7
2015-03-20 14:02:57,8,0,0,5,5,7
2015-03-20 14:02:58,8,0,0,5,5,7
2015-03-20 14:02:59,8,0,0,5,5,7
2015-03-20 14:03:00,8,0,0,5,5,7
2015-03-20 14:03:01,8,0,0,5,5,7
2015-03-20 14:03:02,7,0,0,5,5,7
2015-03-20 14:03:03,7,0,0,5,5,7
2015-03-20 14:03:04,7,2,0,5,5,7
2015-03-20 14:03:05,7,4,0,5,5,7
2015-03-20 14:03:06,7,4,0,7,5,7
2015-03-20 14:03:07,7,7,0,7,7,7
2015-03-20 14:03:08,8,6,0,7,7,7
2015-03-20 14:03:09,8,6,0,7,7,7
2015-03-20 14:03:10,7,6,0,7,7,7
2015-03-20 14:03:11,7,6,0,7,7,7
2015-03-20 14:03:12,7,6,0,7,7,7
2015-03-20 14:03:13,7,6,0,7,7,7
2015-03-20 14:03:14,7,6,0,7,7,7
2015-03-20 14:03:15,7,6,0,7,7,7
2015-03-20 14:03:16,7,6,0,7,7,7
2015-03-20 14:03:17,7,7,0,7,7,7
2015-03-20 14:03:18,8,8,0,7,7,7
2015-03-20 14:03:19,7,7,0,7,7,7
2015-03-20 14:03:20,7,7,0,7,7,7
2015-03-20 14:03:21,5,7,0,7,7,7
2015-03-20 14:03:22,5,7,0,7,7,7
2015-03-20 14:03:23,5,7,0,5,7,7
2015-03-20 14:03:24,5,7,0,5,7,7
2015-03-20 14:03:25,5,7,0,5,7,7
2015-03-20 14:03:26,5,7,0,5,7,7
2015-03-20 14:03:27,7,7,0,5,7,7
2015-03-20 14:03:28,7,7,0,5,7,7
2015-03-20 14:03:29,7,7,0,5,7,7
2015-03-20 14:03:30,7,7,0,5,7,7
2015-03-20 14:03:31,7,7,0,5,7,7
2015-03-20 14:03:32,7,7,0,5,7,7
2015-03-20 14:03:33,8,7,0,5,7,7
2015-03-20 14:03:34,7,7,0,5,7,5
2015-03-20 14:03:35,7,7,0,5,7,5
2015-03-20 14:03:36,7,7,0,5,7,5
2015-03-20 14:03:37,7,7,0,5,7,5
2015-03-20 14:03:38,7,7,0,5,7,5
2015-03-20 14:03:39,7,7,0,5,7,5
2015-03-20 14:03:40,7,7,0,5,7,5
2015-03-20 14:03:41,7,7,0,5,7,5
2015-03-20 14:03:42,7,7,0,5,7,5
2015-03-20 14:03:43,8,7,0,2,7,5
2015-03-20 14:03:44,7,7,0,2,7,5
2015-03-20 14:03:45,7,7,0,2,7,5
2015-03-20 14:03:46,8,7,0,2,7,5
2015-03-20 14:03:47,8,7,0,2,7,7
2015-03-20 14:03:48,2,7,0,2,7,7
2015-03-20 14:03:49,2,7,0,2,5,7
2015-03-20 14:03:50,2,7,0,2,5,7
2015-03-20 14:03:51,2,7,0,2,5,7
2015-03-20 14:03:52,2,7,0,2,5,7
2015-03-20 14:03:53,2,7,0,2,5,7
2015-03-20 14:03:54,2,7,0,2,5,5
2015-03-20 14:03:55,2,7,0,2,5,5
2015-03-20 14:03:56,2,7,0,2,5,5
2015-03-20 14:03:57,2,7,0,2,5,5
2015-03-20 14:03:58,2,7,0,2,5,7
2015-03-20 14:03:59,2,7,0,2,5,7
2015-03-20 14:04:00,2,8,0,2,5,7
2015-03-20 14:04:01,2,8,0,2,5,7
2015-03-20 14:04:02,2,5,0,2,5,5
2015-03-20 14:04:03,2,2,0,2,7,5
2015-03-20 14:04:04,2,2,0,2,7,5
2015-03-20 14:04:05,2,2,0,2,7,5
2015-03-20 14:04:06,2,2,0,2,7,2
2015-03-20 14:04:07,2,2,0,2,7,2
2015-03-20 14:04:08,2,2,0,2,7,2
2015-03-20 14:04:09,2,2,0,2,7,2
2015-03-20 14:04:10,2,2,0,2,7,2
2015-03-20 14:04:11,2,2,0,2,7,2
2015-03-20 14:04:12,2,2,0,2,7,2
2015-03-20 14:04:13,2,2,0,2,7,2
2015-03-20 14:04:14,2,2,0,2,7,2
2015-03-20 14:04:15,2,2,0,2,7,2
2015-03-20 14:04:16,2,2,0,2,7,2
2015-03-20 14:04:17,2,2,0,2,8,2
2015-03-20 14:04:18,2,2,0,2,8,2
2015-03-20 14:04:19,2,2,0,2,2,2
2015-03-20 14:04:20,2,2,0,2,2,2
2015-03-20 14:04:21,2,2,0,2,2,2
2015-03-20 14:04:22,2,2,0,2,2,2
2015-03-20 14:04:23,2,2,0,2,2,2
2015-03-20 14:04:24,2,2,0,2,2,2
2015-03-20 14:04:25,2,2,0,2,2,2
2015-03-20 14:04:26,2,2,0,2,2,2
2015-03-20 14:04:27,2,2,0,2,2,2
2015-03-20 14:04:28,2,2,0,2,2,2
2015-03-20 14:04:29,2,2,0,2,2,2
2015-03-20 14:04:30,2,2,0,2,2,2
2015-03-20 14:04:31,2,2,0,2,2,2
2015-03-20 14:04:32,2,2,0,2,2,2
2015-03-20 14:04:33,2,2,0,2,2,2
2015-03-20 14:04:34,2,2,0,2,2,2
2015-03-20 14:04:35,2,2,0,2,2,2
2015-03-20 14:04:36,2,2,0,2,2,2
2015-03-20 14:04:37,2,2,0,2,2,2
2015-03-20 14:04:38,2,2,0,2,2,2
2015-03-20 14:04:39,2,2,0,2,2,2
2015-03-20 14:04:40,2,2,0,2,2,2
2015-03-20 14:04:41,2,2,0,2,2,2
2015-03-20 14:04:42,2,2,0,2,2,2
2015-03-20 14:04:43,8,2,0,6,2,1
2015-03-20 14:04:44,8,2,0,6,2,5
2015-03-20 14:04:45,8,5,0,6,2,5
2015-03-20 14:04:46,8,5,0,7,8,7
2015-03-20 14:04:47,7,5,0,7,6,7
2015-03-20 14:04:48,7,5,0,7,8,7
2015-03-20 14:04:49,7,7,0,5,7,7
2015-03-20 14:04:50,7,7,0,7,7,7
2015-03-20 14:04:51,7,7,0,7,7,7
2015-03-20 14:04:52,7,7,0,7,6,7
2015-03-20 14:04:53,7,7,0,7,6,7
2015-03-20 14:04:54,7,7,0,7,6,7
2015-03-20 14:04:55,7,7,0,7,6,8
2015-03-20 14:04:56,7,7,0,7,6,8
2015-03-20 14:04:57,7,7,0,7,6,8
2015-03-20 14:04:58,7,7,0,7,6,8
2015-03-20 14:04:59,7,7,0,6,7,7
2015-03-20 14:05:00,7,7,0,6,7,7
2015-03-20 14:05:01,7,7,0,7,7,8
2015-03-20 14:05:02,7,7,0,5,7,7
2015-03-20 14:05:03,7,8,0,2,7,7
2015-03-20 14:05:04,7,7,0,2,7,8
2015-03-20 14:05:05,7,7,0,2,7,7
2015-03-20 14:05:06,7,5,0,2,7,7
2015-03-20 14:05:07,7,5,0,2,8,7
2015-03-20 14:05:08,7,5,0,2,8,7
2015-03-20 14:05:09,7,5,0,2,3,7
2015-03-20 14:05:10,7,5,0,2,3,8
2015-03-20 14:05:11,7,5,0,2,3,8
2015-03-20 14:05:12,8,5,0,2,3,8
2015-03-20 14:05:13,4,5,0,2,3,8
2015-03-20 14:05:14,2,8,0,2,3,8
2015-03-20 14:05:15,2,7,0,2,3,8
2015-03-20 14:05:16,2,7,0,2,3,8
2015-03-20 14:05:17,2,7,0,2,3,8
2015-03-20 14:05:18,2,7,0,2,3,8
2015-03-20 14:05:19,2,7,0,2,3,8
2015-03-20 14:05:20,2,7,0,2,3,8
2015-03-20 14:05:21,2,7,0,2,4,8
2015-03-20 14:05:22,2,7,0,2,4,7
2015-03-20 14:05:23,2,7,0,2,3,7
2015-03-20 14:05:24,2,7,0,2,3,7
2015-03-20 14:05:25,2,7,0,2,3,7
2015-03-20 14:05:26,2,7,0,2,3,8
2015-03-20 14:05:27,2,7,0,2,3,8
2015-03-20 14:05:28,2,7,0,2,3,8
2015-03-20 14:05:29,2,7,0,2,3,8
2015-03-20 14:05:30,2,7,0,2,3,8
2015-03-20 14:05:31,2,7,0,2,3,8
2015-03-20 14:05:32,2,7,0,2,3,7
2015-03-20 14:05:33,2,7,0,2,3,8
2015-03-20 14:05:34,2,7,0,2,3,8
2015-03-20 14:05:35,2,7,0,2,3,8
2015-03-20 14:05:36,2,8,0,2,1,8
2015-03-20 14:05:37,2,8,0,2,1,8
2015-03-20 14:05:38,2,8,0,2,2,8
2015-03-20 14:05:39,2,8,0,2,2,8
2015-03-20 14:05:40,0,8,0,2,2,8
2015-03-20 14:05:41,2,8,0,2,2,8
2015-03-20 14:05:42,2,5,0,2,2,8
2015-03-20 14:05:43,2,5,0,2,2,8
2015-03-20 14:05:44,2,5,0,2,2,8
2015-03-20 14:05:45,2,5,0,2,2,8
2015-03-20 14:05:46,2,5,0,2,2,8
2015-03-20 14:05:47,2,5,0,2,2,8
2015-03-20 14:05:48,2,7,0,2,2,8
2015-03-20 14:05:49,2,7,0,2,3,8
2015-03-20 14:05:50,2,7,0,2,3,8
2015-03-20 14:05:51,0,7,0,2,3,7
2015-03-20 14:05:52,0,8,0,2,3,8
2015-03-20 14:05:53,0,8,0,2,3,8
2015-03-20 14:05:54,0,8,0,2,8,7
2015-03-20 14:05:55,0,8,0,2,8,8
2015-03-20 14:05:56,0,8,0,2,8,8
2015-03-20 14:05:57,0,8,0,2,4,8
2015-03-20 14:05:58,0,8,0,2,4,8
2015-03-20 14:05:59,0,8,0,2,4,8
2015-03-20 14:06:00,0,8,0,2,4,8
2015-03-20 14:06:01,0,8,0,1,4,8
2015-03-20 14:06:02,0,8,0,1,4,8
2015-03-20 14:06:03,0,8,0,2,4,8
2015-03-20 14:06:04,0,8,0,1,4,8
2015-03-20 14:06:05,0,8,0,1,4,8
2015-03-20 14:06:06,0,8,0,2,1,8
2015-03-20 14:06:07,0,8,0,2,2,8
2015-03-20 14:06:08,0,8,0,2,2,8
2015-03-20 14:06:09,0,7,0,2,2,8
2015-03-20 14:06:10,2,7,0,2,1,8
2015-03-20 14:06:11,2,8,0,1,1,8
2015-03-20 14:06:12,2,8,0,1,1,8
2015-03-20 14:06:13,2,8,0,1,1,8
2015-03-20 14:06:14,2,8,0,1,1,8
2015-03-20 14:06:15,2,8,0,1,1,3
2015-03-20 14:06:16,2,8,0,1,1,3
2015-03-20 14:06:17,2,8,0,1,1,3
2015-03-20 14:06:18,2,8,0,1,1,3
2015-03-20 14:06:19,2,7,0,1,1,3
2015-03-20 14:06:20,2,3,0,1,2,3
2015-03-20 14:06:21,2,7,0,1,3,3
2015-03-20 14:06:22,2,4,0,1,2,3
2015-03-20 14:06:23,2,4,0,1,2,3
2015-03-20 14:06:24,2,4,0,1,2,3
2015-03-20 14:06:25,2,4,0,1,2,8
2015-03-20 14:06:26,2,8,0,1,2,8
2015-03-20 14:06:27,2,8,0,1,2,8
2015-03-20 14:06:28,2,3,0,1,2,8
2015-03-20 14:06:29,0,3,0,1,2,8
2015-03-20 14:06:30,0,3,0,1,2,8
2015-03-20 14:06:31,0,3,0,1,3,8
2015-03-20 14:06:32,2,3,0,1,3,8
2015-03-20 14:06:33,2,3,0,1,3,3
2015-03-20 14:06:34,2,3,0,1,3,3
2015-03-20 14:06:35,2,8,0,1,3,3
2015-03-20 14:06:36,2,8,0,1,3,3
2015-03-20 14:06:37,2,3,0,1,3,1
2015-03-20 14:06:38,2,3,0,1,3,2
2015-03-20 14:06:39,2,3,0,1,3,2
2015-03-20 14:06:40,2,3,0,1,3,2
2015-03-20 14:06:41,2,3,0,1,3,2
2015-03-20 14:06:42,2,3,0,1,3,2
2015-03-20 14:06:43,2,3,0,1,3,2
2015-03-20 14:06:44,2,3,0,1,3,2
2015-03-20 14:06:45,2,3,0,1,3,2
2015-03-20 14:06:46,2,3,0,1,3,2
2015-03-20 14:06:47,2,3,0,1,3,2
2015-03-20 14:06:48,2,3,0,1,3,2
2015-03-20 14:06:49,2,3,0,1,3,2
2015-03-20 14:06:50,2,3,0,3,3,2
2015-03-20 14:06:51,2,3,0,1,3,2
2015-03-20 14:06:52,2,3,0,1,3,2
2015-03-20 14:06:53,2,3,0,1,3,2
2015-03-20 14:06:54,2,3,0,1,3,2
2015-03-20 14:06:55,2,3,0,3,3,2
2015-03-20 14:06:56,2,3,0,3,3,2
2015-03-20 14:06:57,2,3,0,3,3,2
2015-03-20 14:06:58,2,1,0,3,3,2
2015-03-20 14:06:59,3,3,0,2,3,2
2015-03-20 14:07:00,2,3,0,2,3,2
2015-03-20 14:07:01,2,1,0,2,3,2
2015-03-20 14:07:02,2,1,0,3,3,2
2015-03-20 14:07:03,2,3,0,8,3,2
2015-03-20 14:07:04,2,3,0,8,3,2
2015-03-20 14:07:05,2,3,0,8,3,2
2015-03-20 14:07:06,2,3,0,8,4,2
2015-03-20 14:07:07,2,3,0,8,4,2
2015-03-20 14:07:08,2,3,0,8,4,2
2015-03-20 14:07:09,2,3,0,8,4,2
2015-03-20 14:07:10,2,3,0,8,4,2
2015-03-20 14:07:11,2,3,0,8,4,2
2015-03-20 14:07:12,3,4,0,8,4,2
2015-03-20 14:07:13,8,4,0,8,4,2
2015-03-20 14:07:14,8,4,0,8,4,2
2015-03-20 14:07:15,8,4,0,8,4,2
2015-03-20 14:07:16,8,4,0,8,4,2
2015-03-20 14:07:17,8,4,0,8,4,2
2015-03-20 14:07:18,8,4,0,8,4,2
2015-03-20 14:07:19,8,4,0,8,4,2
2015-03-20 14:07:20,8,4,0,8,4,2
2015-03-20 14:07:21,8,4,0,8,4,2
2015-03-20 14:07:22,8,4,0,8,4,2
2015-03-20 14:07:23,8,4,0,8,7,2
2015-03-20 14:07:24,8,4,0,8,7,2
2015-03-20 14:07:25,8,4,0,8,7,2
2015-03-20 14:07:26,8,4,0,8,7,2
2015-03-20 14:07:27,8,4,0,8,7,2
2015-03-20 14:07:28,8,4,0,8,7,2
2015-03-20 14:07:29,3,4,0,8,7,2
2015-03-20 14:07:30,3,4,0,8,7,2
2015-03-20 14:07:31,3,4,0,8,7,2
2015-03-20 14:07:32,3,4,0,8,7,2
2015-03-20 14:07:33,3,4,0,8,7,2
2015-03-20 14:07:34,3,4,0,8,7,2
2015-03-20 14:07:35,3,4,0,8,7,2
2015-03-20 14:07:36,3,4,0,8,7,2
2015-03-20 14:07:37,3,4,0,8,7,2
2015-03-20 14:07:38,3,4,0,8,7,2
2015-03-20 14:07:39,8,4,0,8,7,2
2015-03-20 14:07:40,3,4,0,8,7,2
2015-03-20 14:07:41,3,4,0,8,7,2
2015-03-20 14:07:42,3,4,0,8,7,2
2015-03-20 14:07:43,3,4,0,8,7,2
2015-03-20 14:07:44,3,4,0,8,7,2
2015-03-20 14:07:45,3,4,0,8,7,2
2015-03-20 14:07:46,8,4,0,8,7,2
2015-03-20 14:07:47,4,4,0,8,7,2
2015-03-20 14:07:48,4,4,0,8,7,2
2015-03-20 14:07:49,4,4,0,8,7,2
2015-03-20 14:07:50,4,3,0,8,7,2
2015-03-20 14:07:51,4,4,0,8,7,2
2015-03-20 14:07:52,4,4,0,8,7,2
2015-03-20 14:07:53,4,4,0,8,8,2
2015-03-20 14:07:54,4,4,0,4,7,2
2015-03-20 14:07:55,4,4,0,4,7,2
2015-03-20 14:07:56,4,8,0,3,7,2
2015-03-20 14:07:57,4,8,0,3,8,2
2015-03-20 14:07:58,4,8,0,3,7,2
2015-03-20 14:07:59,4,8,0,3,8,2
2015-03-20 14:08:00,4,8,0,3,8,2
2015-03-20 14:08:01,4,8,0,3,8,2
2015-03-20 14:08:02,4,8,0,3,8,2
2015-03-20 14:08:03,4,8,0,3,8,2
2015-03-20 14:08:04,4,8,0,3,8,2
2015-03-20 14:08:05,4,8,0,8,8,2
2015-03-20 14:08:06,4,8,0,8,8,2
2015-03-20 14:08:07,4,8,0,8,8,2
2015-03-20 14:08:08,4,7,0,7,8,2
2015-03-20 14:08:09,4,7,0,7,8,2
2015-03-20 14:08:10,4,8,0,7,8,2
2015-03-20 14:08:11,4,7,0,8,8,2
2015-03-20 14:08:12,4,7,0,7,8,2
2015-03-20 14:08:13,4,8,0,8,8,2
2015-03-20 14:08:14,4,7,0,7,8,2
2015-03-20 14:08:15,4,7,0,7,8,8
2015-03-20 14:08:16,4,7,0,8,8,8
2015-03-20 14:08:17,4,8,0,8,8,8
2015-03-20 14:08:18,4,7,0,8,8,8
2015-03-20 14:08:19,4,8,0,8,8,7
2015-03-20 14:08:20,4,8,0,8,8,8
2015-03-20 14:08:21,4,8,0,8,4,8
2015-03-20 14:08:22,4,8,0,8,4,8
2015-03-20 14:08:23,4,8,0,8,4,7
2015-03-20 14:08:24,4,7,0,8,4,8
2015-03-20 14:08:25,4,8,0,8,4,8
2015-03-20 14:08:26,4,8,0,8,3,7
2015-03-20 14:08:27,4,8,0,8,0,8
2015-03-20 14:08:28,4,8,0,8,2,8
2015-03-20 14:08:29,4,8,0,8,2,8
2015-03-20 14:08:30,4,8,0,8,2,7
2015-03-20 14:08:31,4,8,0,8,3,8
2015-03-20 14:08:32,4,8,0,8,4,8
2015-03-20 14:08:33,4,4,0,8,4,8
2015-03-20 14:08:34,4,4,0,8,4,8
2015-03-20 14:08:35,4,4,0,8,4,8
2015-03-20 14:08:36,4,4,0,8,4,8
2015-03-20 14:08:37,4,4,0,8,4,8
2015-03-20 14:08:38,4,4,0,8,8,8
2015-03-20 14:08:39,4,4,0,8,8,8
2015-03-20 14:08:40,4,4,0,8,8,8
2015-03-20 14:08:41,4,4,0,8,8,8
2015-03-20 14:08:42,4,4,0,8,3,8
2015-03-20 14:08:43,4,4,0,8,3,8
2015-03-20 14:08:44,4,4,0,8,2,8
2015-03-20 14:08:45,4,4,0,8,3,8
2015-03-20 14:08:46,7,4,0,4,3,8
2015-03-20 14:08:47,7,4,0,8,3,8
2015-03-20 14:08:48,7,8,0,8,3,8
2015-03-20 14:08:49,7,8,0,7,3,7
2015-03-20 14:08:50,8,7,0,7,3,7
2015-03-20 14:08:51,8,7,0,5,2,7
2015-03-20 14:08:52,8,8,0,5,2,7
2015-03-20 14:08:53,8,7,0,5,2,7
2015-03-20 14:08:54,8,8,0,5,5,7
2015-03-20 14:08:55,8,8,0,5,7,7
2015-03-20 14:08:56,8,8,0,5,7,7
2015-03-20 14:08:57,7,8,0,7,7,7
2015-03-20 14:08:58,7,8,0,7,7,7
2015-03-20 14:08:59,7,7,0,7,5,7
2015-03-20 14:09:00,7,7,0,7,5,7
2015-03-20 14:09:01,7,7,0,7,5,7
2015-03-20 14:09:02,8,7,0,7,5,7
2015-03-20 14:09:03,8,7,0,7,5,7
2015-03-20 14:09:04,8,7,0,7,7,7
2015-03-20 14:09:05,8,7,0,6,7,7
2015-03-20 14:09:06,8,6,0,6,7,7
2015-03-20 14:09:07,8,6,0,7,7,7
2015-03-20 14:09:08,8,6,0,7,7,7
2015-03-20 14:09:09,8,6,0,7,7,7
2015-03-20 14:09:10,7,6,0,7,7,7
2015-03-20 14:09:11,7,6,0,7,7,7
2015-03-20 14:09:12,7,6,0,7,7,7
2015-03-20 14:09:13,7,7,0,7,7,7
2015-03-20 14:09:14,7,6,0,7,7,7
2015-03-20 14:09:15,8,7,0,7,7,7
2015-03-20 14:09:16,8,6,0,7,7,7
2015-03-20 14:09:17,7,6,0,7,7,7
2015-03-20 14:09:18,7,6,0,7,7,7
2015-03-20 14:09:19,7,6,0,7,7,7
2015-03-20 14:09:20,7,6,0,7,6,7
2015-03-20 14:09:21,3,6,0,7,6,7
2015-03-20 14:09:22,2,6,0,8,6,7
2015-03-20 14:09:23,1,7,0,8,6,7
2015-03-20 14:09:24,1,7,0,8,6,7
2015-03-20 14:09:25,1,3,0,8,6,7
2015-03-20 14:09:26,1,3,0,8,6,7
2015-03-20 14:09:27,1,1,0,8,3,8
2015-03-20 14:09:28,1,1,0,8,3,3
2015-03-20 14:09:29,1,1,0,8,1,8
2015-03-20 14:09:30,8,1,0,8,1,8
2015-03-20 14:09:31,8,1,0,8,1,8
2015-03-20 14:09:32,8,8,0,8,1,8
2015-03-20 14:09:33,1,8,0,8,1,8
2015-03-20 14:09:34,1,8,0,8,1,8
2015-03-20 14:09:35,8,8,0,1,1,8
2015-03-20 14:09:36,8,8,0,1,1,8
2015-03-20 14:09:37,8,8,0,1,1,8
2015-03-20 14:09:38,8,8,0,1,1,8
2015-03-20 14:09:39,8,8,0,1,1,8
2015-03-20 14:09:40,8,8,0,1,1,8
2015-03-20 14:09:41,8,1,0,1,1,8
2015-03-20 14:09:42,8,1,0,1,1,8
2015-03-20 14:09:43,8,8,0,1,1,8
2015-03-20 14:09:44,8,8,0,1,1,8
2015-03-20 14:09:45,8,8,0,1,1,8
2015-03-20 14:09:46,8,8,0,1,1,8
2015-03-20 14:09:47,8,8,0,1,1,8
2015-03-20 14:09:48,8,8,0,1,1,8
2015-03-20 14:09:49,8,8,0,1,3,8
2015-03-20 14:09:50,8,8,0,1,3,8
2015-03-20 14:09:51,8,8,0,1,3,8
2015-03-20 14:09:52,1,8,0,1,3,8
2015-03-20 14:09:53,1,8,0,1,1,8
2015-03-20 14:09:54,3,8,0,1,3,8
2015-03-20 14:09:55,3,8,0,1,1,8
2015-03-20 14:09:56,3,8,0,1,1,8
2015-03-20 14:09:57,3,8,0,1,1,8
2015-03-20 14:09:58,3,8,0,1,1,8
2015-03-20 14:09:59,1,8,0,1,1,8
2015-03-20 14:10:00,1,1,0,1,1,8
2015-03-20 14:10:01,8,1,0,1,1,8
2015-03-20 14:10:02,8,1,0,1,1,1
2015-03-20 14:10:03,8,1,0,1,1,1
2015-03-20 14:10:04,8,1,0,1,1,1
2015-03-20 14:10:05,8,1,0,1,1,1
2015-03-20 14:10:06,8,1,0,1,1,1
2015-03-20 14:10:07,8,1,0,1,1,1
2015-03-20 14:10:08,8,1,0,1,1,1
2015-03-20 14:10:09,8,1,0,1,1,1
2015-03-20 14:10:10,8,1,0,1,1,1
2015-03-20 14:10:11,8,1,0,1,1,1
2015-03-20 14:10:12,8,1,0,1,1,1
2015-03-20 14:10:13,8,1,0,1,1,1
2015-03-20 14:10:14,8,1,0,1,1,1
2015-03-20 14:10:15,8,1,0,1,1,1
2015-03-20 14:10:16,8,1,0,1,1,1
2015-03-20 14:10:17,8,1,0,1,1,1
2015-03-20 14:10:18,8,1,0,1,1,1
2015-03-20 14:10:19,1,1,0,1,2,1
2015-03-20 14:10:20,1,1,0,1,1,1
2015-03-20 14:10:21,1,1,0,1,1,1
2015-03-20 14:10:22,1,1,0,1,1,1
2015-03-20 14:10:23,1,1,0,1,1,1
2015-03-20 14:10:24,1,1,0,1,1,1
2015-03-20 14:10:25,1,1,0,1,1,1
2015-03-20 14:10:26,1,1,0,1,1,1
2015-03-20 14:10:27,1,1,0,1,1,1
2015-03-20 14:10:28,1,1,0,1,1,1
2015-03-20 14:10:29,1,1,0,1,1,1
2015-03-20 14:10:30,1,1,0,1,1,1
2015-03-20 14:10:31,1,1,0,1,0,0
2015-03-20 14:10:32,1,1,0,1,0,0
2015-03-20 14:10:33,2,1,0,1,0,0
2015-03-20 14:10:34,2,1,0,1,0,0
2015-03-20 14:10:35,2,2,0,2,0,0
2015-03-20 14:10:36,2,2,0,2,0,0
2015-03-20 14:10:37,2,0,0,0,0,0
2015-03-20 14:10:38,0,0,0,0,0,0
2015-03-20 14:10:39,0,0,0,0,0,0
2015-03-20 14:10:40,0,0,0,0,0,0
2015-03-20 14:10:41,0,0,0,0,0,0
2015-03-20 14:10:42,0,0,0,0,0,0
2015-03-20 14:10:43,0,0,0,0,0,0
2015-03-20 14:10:44,0,0,0,0,0,0
2015-03-20 14:10:45,0,0,0,0,0,0
2015-03-20 14:10:46,0,0,0,0,0,0
2015-03-20 14:10:47,0,0,0,0,0,0
2015-03-20 14:10:48,0,0,0,0,0,0
2015-03-20 14:10:49,0,0,0,0,0,0
2015-03-20 14:10:50,0,0,0,0,0,0
2015-03-20 14:10:51,0,0,0,0,0,0
2015-03-20 14:10:52,0,0,0,0,0,0
2015-03-20 14:10:53,0,0,0,0,0,0
2015-03-20 14:10:54,0,0,0,0,0,0
2015-03-20 14:10:55,0,0,0,0,0,0
2015-03-20 14:10:56,0,0,0,0,0,0
2015-03-20 14:10:57,0,0,0,0,0,0
2015-03-20 14:10:58,0,0,0,0,0,0
2015-03-20 14:10:59,0,0,0,0,0,0
2015-03-20 14:11:00,0,0,0,0,0,0
2015-03-20 14:11:01,0,0,0,0,0,0
2015-03-20 14:11:02,0,0,0,0,0,0
2015-03-20 14:11:03,0,0,0,0,0,0
2015-03-20 14:11:04,0,0,0,0,0,0
2015-03-20 14:11:05,0,0,0,0,0,0
2015-03-20 14:11:06,0,0,0,0,0,0
2015-03-20 14:11:07,0,0,0,0,0,0
2015-03-20 14:11:08,0,0,0,0,0,0
2015-03-20 14:11:09,0,0,0,0,0,0
2015-03-20 14:11:10,0,0,0,0,0,0
2015-03-20 14:11:11,0,0,0,0,0,0
2015-03-20 14:11:12,0,0,0,0,0,0
2015-03-20 14:11:13,0,0,0,0,0,0
2015-03-20 14:11:14,0,0,0,0,0,0
2015-03-20 14:11:15,0,0,0,0,0,0
2015-03-20 14:11:16,0,0,0,0,0,0
2015-03-20 14:11:17,0,0,0,0,0,0
2015-03-20 14:11:18,0,0,0,0,0,0
2015-03-20 14:11:19,0,0,0,0,0,0
2015-03-20 14:11:20,0,0,0,0,0,0
2015-03-20 14:11:21,0,0,0,0,0,0
2015-03-20 14:11:22,0,0,0,0,0,0
2015-03-20 14:11:23,0,0,0,0,0,0
2015-03-20 14:11:24,0,0,0,0,0,0
2015-03-20 14:11:25,0,0,0,0,0,0
2015-03-20 14:11:26,0,0,0,0,0,0
2015-03-20 14:11:27,0,0,0,0,0,0
2015-03-20 14:11:28,0,0,0,0,0,0
2015-03-20 14:11:29,0,0,0,0,0,0
2015-03-20 14:11:30,0,0,0,0,0,0
2015-03-20 14:11:31,0,0,0,0,0,0
2015-03-20 14:11:32,0,0,0,0,0,0
2015-03-20 14:11:33,0,0,0,0,0,0
2015-03-20 14:11:34,0,0,0,0,0,0
2015-03-20 14:11:35,0,0,0,0,0,0
2015-03-20 14:11:36,0,0,0,0,0,0
2015-03-20 14:11:37,0,0,0,0,0,0
2015-03-20 14:11:38,0,0,0,0,0,0
2015-03-20 14:11:39,0,0,0,0,0,0
2015-03-20 14:11:40,0,0,0,0,0,0
2015-03-20 14:11:41,0,0,0,0,0,0
2015-03-20 14:11:42,0,0,0,0,0,0
2015-03-20 14:11:43,0,0,0,0,0,0
2015-03-20 14:11:44,0,0,0,0,0,0
2015-03-20 14:11:45,0,0,0,0,0,0
2015-03-20 14:11:46,0,0,0,0,0,0
2015-03-20 14:11:47,0,0,0,0,0,0
2015-03-20 14:11:48,0,0,0,0,0,0
2015-03-20 14:11:49,0,0,0,0,0,0
2015-03-20 14:11:50,0,0,0,0,0,0
2015-03-20 14:11:51,0,0,0,0,0,0
2015-03-20 14:11:52,0,0,0,0,0,0
2015-03-20 14:11:53,0,0,0,0,0,0
2015-03-20 14:11:54,0,0,0,0,0,0
2015-03-20 14:11:55,0,0,0,0,0,0
2015-03-20 14:11:56,0,0,0,0,0,0
2015-03-20 14:11:57,0,0,0,0,0,0
2015-03-20 14:11:58,0,0,0,0,0,0
2015-03-20 14:11:59,0,0,0,0,0,0
2015-03-20 14:12:00,0,0,0,0,0,0
2015-03-20 14:12:01,0,0,0,0,0,0
2015-03-20 14:12:02,0,0,0,0,0,0
2015-03-20 14:12:03,0,0,0,0,0,0
2015-03-20 14:12:04,2,0,0,2,0,0
2015-03-20 14:12:05,2,0,0,2,0,0
2015-03-20 14:12:06,0,0,0,1,0,0
2015-03-20 14:12:07,0,0,0,1,0,0
2015-03-20 14:12:08,0,0,0,1,0,0
2015-03-20 14:12:09,0,0,0,1,0,0
2015-03-20 14:12:10,0,0,0,1,0,0
2015-03-20 14:12:11,0,0,0,1,0,0
2015-03-20 14:12:12,0,0,0,1,0,0
2015-03-20 14:12:13,0,0,0,1,0,0
2015-03-20 14:12:14,0,0,0,1,0,0
2015-03-20 14:12:15,0,0,0,1,0,0
2015-03-20 14:12:16,0,0,0,0,0,0
2015-03-20 14:12:17,0,0,0,0,0,0
2015-03-20 14:12:18,0,0,0,0,0,0
